the,1283
i,1198
xd,858
to,830
it,647
you,625
a,582
is,518
that,496
just,449
and,389
of,377
so,348
for,316
in,312
its,285
im,273
this,263
my,251
do,250
like,241
have,221
but,214
what,212
on,209
we,206
at,205
p,200
can,185
ya,185
be,184
not,183
well,181
how,165
if,163
as,162
with,160
now,159
dont,155
me,151
was,143
get,141
really,139
ah,134
all,132
one,132
some,124
think,122
know,111
actually,110
stuff,109
though,109
make,106
are,104
thing,104
up,104
d,103
more,103
thats,102
then,100
about,97
work,96
want,95
they,94
out,92
cool,89
much,89
gonna,89
your,88
no,85
there,84
time,83
use,80
need,79
oh,79
when,76
from,76
only,75
got,75
cant,73
sure,72
doing,71
ive,71
haha,71
something,70
an,69
or,69
go,68
ill,66
good,66
shit,64
did,63
see,63
them,63
k,63
could,62
cuz,62
would,61
after,59
too,58
way,57
even,55
works,55
better,53
dunno,53
than,52
working,51
been,51
feel,51
things,50
still,50
done,49
any,49
lol,49
does,48
those,48
were,47
hey,47
had,47
same,47
least,47
na,46
problem,46
right,46
going,46
pretty,46
take,46
tell,46
first,45
didnt,44
seems,44
has,43
nice,43
will,42
people,42
youre,42
since,42
look,41
new,41
also,41
doesnt,41
while,40
looks,40
try,40
back,40
why,39
anything,38
through,36
makes,35
long,35
bit,35
made,35
he,35
app,35
mine,34
game,34
bad,34
am,34
by,34
phone,33
other,33
put,33
into,33
down,33
hmm,33
come,32
mean,31
again,31
idea,31
should,31
these,31
code,31
today,30
used,30
everything,30
wanna,30
lot,30
find,29
r,29
itll,29
must,28
here,28
being,28
easier,28
day,27
change,27
trying,27
always,27
ye,27
definitely,27
maybe,27
little,27
never,26
might,26
whats,26
isnt,26
using,26
swag,26
sort,26
check,25
their,25
because,25
each,25
over,25
making,25
kinda,25
most,25
tomorrow,25
say,25
before,24
yes,24
probably,24
literally,24
having,24
last,23
anyway,23
every,23
getting,23
end,23
may,23
quite,23
where,23
email,23
another,22
fine,22
theyre,22
run,22
until,22
havent,22
ever,22
which,22
maths,22
us,22
enough,22
wait,22
around,21
point,21
yiss,21
reason,21
difficult,21
understand,21
wrong,21
best,21
hours,21
awesome,21
theres,21
yet,20
own,20
clue,20
else,20
off,20
site,20
both,19
night,19
money,19
holy,19
less,19
otherwise,19
him,19
give,19
next,19
apparently,19
line,19
far,19
said,19
read,19
ones,19
question,19
sleep,18
left,18
later,18
learn,18
found,18
our,18
already,18
interesting,18
realised,18
android,18
branch,18
tired,17
home,17
everyone,17
sigh,17
different,17
figure,17
able,17
went,17
morning,17
weird,17
create,17
xamarin,17
suppose,16
worked,16
method,16
flat,16
pc,16
many,16
pick,16
seem,16
couple,16
soon,16
fun,16
nothing,15
ask,15
data,15
looking,15
start,15
sounds,15
send,15
trouble,15
possible,15
thought,15
minutes,15
pay,15
her,15
worst,15
number,15
sorta,15
myself,15
stats,15
video,15
screen,15
she,15
event,15
c,15
stokes,15
took,14
basically,14
yep,14
extra,14
show,14
play,14
parents,14
ok,14
jeez,14
such,14
guy,14
fuck,14
whole,14
happy,14
life,14
part,14
add,14
click,14
hell,14
power,14
case,14
list,14
normal,14
server,14
version,14
super,13
completely,13
playing,13
help,13
his,13
games,13
wont,13
moment,13
leave,13
feeling,13
lets,13
type,13
couldnt,13
told,13
keep,13
easy,13
java,13
greens,13
xml,13
yesterday,12
guys,12
system,12
download,12
coming,12
update,12
goes,12
instead,12
word,12
keyboard,12
useful,12
random,12
hope,12
early,12
open,12
big,12
tried,12
name,12
dad,12
test,12
arent,12
remember,12
file,12
string,12
theorem,12
tutorial,12
call,11
web,11
who,11
wanted,11
taking,11
once,11
tbh,11
tonight,11
coffee,11
questions,11
times,11
afternoon,11
wouldnt,11
watching,11
gotta,11
says,11
sale,11
important,11
area,11
sense,11
wow,11
year,11
spend,11
buy,11
side,11
function,11
half,11
sometimes,11
person,11
store,11
changed,11
wasnt,11
slightly,11
uses,11
together,11
without,11
surface,11
master,11
started,10
true,10
gets,10
damn,10
finish,10
checked,10
proof,10
means,10
write,10
inside,10
build,10
ag,10
hate,10
week,10
car,10
perfect,10
place,10
changes,10
let,10
bring,10
answer,10
push,10
date,10
between,10
public,10
middle,10
project,10
hard,10
page,10
curl,10
set,9
gives,9
id,9
called,9
worth,9
worry,9
problems,9
gave,9
properly,9
actual,9
move,9
load,9
tho,9
button,9
break,9
seen,9
n,9
rest,9
computer,9
earlier,9
lots,9
second,9
close,9
youll,9
typing,9
putting,9
whatsapp,9
calculator,9
colour,9
sick,9
very,9
programming,9
pivot,9
files,9
love,8
wondering,8
watch,8
days,8
language,8
nay,8
fixed,8
based,8
complicated,8
algorithm,8
chance,8
talking,8
beans,8
great,8
loading,8
difference,8
house,8
whatever,8
obv,8
sugar,8
group,8
wra,8
finally,8
previous,8
events,8
aww,8
order,8
takes,8
yay,8
bunch,8
saw,8
understanding,8
quick,8
retarded,8
integers,8
realise,8
clicked,8
study,8
meh,8
room,8
x,8
xna,8
studio,8
access,8
functionality,8
learning,8
top,8
monogame,8
reading,8
confusing,8
text,8
tutorials,8
integral,8
account,8
tax,8
methods,8
clone,8
pull,8
hitler,8
html,7
needs,7
except,7
ez,7
entire,7
runs,7
clean,7
casey,7
happening,7
quickly,7
coding,7
stop,7
thread,7
ts,7
btw,7
nvm,7
friday,7
terms,7
table,7
finding,7
y,7
wut,7
sho,7
situation,7
full,7
away,7
level,7
free,7
matter,7
sitting,7
world,7
flash,7
weve,7
copy,7
ty,7
student,7
scary,7
old,7
either,7
proofs,7
variables,7
usually,7
currency,7
handler,7
vs,7
hour,7
similar,7
elements,7
whether,7
licence,7
fantastic,7
integrals,7
node,7
javascript,7
repo,7
fit,6
straight,6
exactly,6
chilled,6
particles,6
gradient,6
path,6
grid,6
vector,6
points,6
strong,6
names,6
supper,6
news,6
wish,6
subject,6
cs,6
xzd,6
internet,6
feels,6
water,6
almost,6
quiet,6
talk,6
tables,6
bought,6
anyone,6
bag,6
gone,6
meet,6
possibly,6
past,6
latest,6
non,6
element,6
amount,6
funny,6
looked,6
lunch,6
prac,6
link,6
wrc,6
tut,6
hes,6
ago,6
hand,6
static,6
studying,6
fast,6
numbers,6
magic,6
given,6
empty,6
absolutely,6
command,6
weekend,6
input,6
window,6
handlers,6
press,6
response,6
years,6
spent,6
ridiculous,6
explain,6
running,6
merge,6
specific,6
plane,6
testing,6
sorry,6
value,6
google,6
saying,6
ios,6
dat,6
error,6
somehow,6
somewhere,6
divergence,6
chat,6
default,6
hackathon,6
js,6
added,6
css,6
automatically,6
commit,6
advantage,5
gym,5
food,5
writing,5
pixel,5
helps,5
late,5
planning,5
luckily,5
checking,5
becomes,5
storing,5
direction,5
particle,5
mistakes,5
block,5
eventually,5
worse,5
bored,5
seemed,5
currently,5
recursion,5
min,5
multiple,5
debug,5
nope,5
message,5
likely,5
thinking,5
favourite,5
youve,5
decision,5
stress,5
u,5
unless,5
applied,5
wise,5
whenever,5
moving,5
sleeping,5
lying,5
body,5
huge,5
monday,5
hoping,5
mode,5
small,5
taken,5
asked,5
ikr,5
opposite,5
cost,5
sign,5
semester,5
library,5
thanks,5
experience,5
mom,5
price,5
ugh,5
head,5
conflict,5
someone,5
switch,5
keys,5
matt,5
pushed,5
solution,5
weeks,5
submit,5
happen,5
form,5
finished,5
performance,5
exercises,5
parts,5
fb,5
massive,5
came,5
visual,5
rate,5
onto,5
imagine,5
knows,5
lost,5
recursive,5
lucky,5
charmain,5
comfortable,5
sorts,5
algorithms,5
stack,5
counting,5
space,5
pack,5
lists,5
dying,5
supposed,5
field,5
forgot,5
longer,5
source,5
theory,5
thatll,5
besides,5
threads,5
book,5
watched,5
tells,5
yourself,5
cheap,5
libraries,5
omg,5
pizza,5
browser,5
comments,5
jquery,5
script,5
dom,5
request,5
deploy,5
branches,5
format,5
mad,4
environment,4
workout,4
plis,4
card,4
cause,4
present,4
lag,4
live,4
centre,4
colours,4
turning,4
relevant,4
assume,4
acceleration,4
casual,4
expected,4
steam,4
star,4
sent,4
smaller,4
screw,4
trust,4
fact,4
memory,4
o,4
bubble,4
theoretical,4
self,4
starting,4
driving,4
paid,4
granted,4
broken,4
shot,4
thursday,4
doubt,4
walk,4
whay,4
wonder,4
bed,4
mistake,4
expensive,4
friends,4
obviously,4
care,4
arrived,4
oi,4
light,4
stage,4
wednesday,4
allow,4
chill,4
door,4
ends,4
bam,4
printed,4
heading,4
telling,4
fireblast,4
capacity,4
cleaned,4
movie,4
key,4
ha,4
tests,4
squash,4
painful,4
doc,4
th,4
busy,4
paper,4
real,4
object,4
gamma,4
pls,4
lectures,4
turn,4
hows,4
photo,4
integer,4
online,4
integrate,4
red,4
knew,4
desk,4
white,4
clear,4
tidy,4
behind,4
sometime,4
shapes,4
hold,4
managed,4
void,4
projects,4
bastion,4
comes,4
lazy,4
months,4
impressive,4
fix,4
languages,4
stuck,4
whatnot,4
textbook,4
choosing,4
generate,4
limited,4
exciting,4
adding,4
remind,4
output,4
downloading,4
sunday,4
iterations,4
shouldnt,4
neither,4
examples,4
variable,4
sending,4
int,4
wolfram,4
pi,4
setting,4
dunna,4
ideas,4
post,4
states,4
slowly,4
opportunity,4
return,4
sexy,4
reddit,4
screens,4
simple,4
within,4
fucking,4
sits,4
learned,4
loads,4
serious,4
bug,4
release,4
built,4
wasted,4
double,4
wants,4
decimal,4
silly,4
machine,4
handle,4
interface,4
pass,4
package,4
approach,4
servers,4
calculate,4
seeing,4
allows,4
building,4
bottom,4
dough,4
git,4
bitbucket,4
commands,4
requests,4
ftp,4
folder,4
deprecated,4
attach,4
sublime,4
functions,3
preworkout,3
productivity,3
pool,3
green,3
nights,3
energy,3
chest,3
exercise,3
starcraft,3
polar,3
curves,3
pic,3
differently,3
perspective,3
die,3
lately,3
pictures,3
honest,3
man,3
brother,3
thousands,3
vectors,3
goml,3
intend,3
vid,3
null,3
position,3
million,3
calculation,3
singing,3
strings,3
please,3
sore,3
physics,3
concept,3
tend,3
stored,3
boring,3
info,3
speed,3
special,3
mae,3
waiting,3
initially,3
drawing,3
binary,3
iteration,3
usual,3
meant,3
easily,3
concepts,3
nervous,3
interview,3
um,3
south,3
park,3
starts,3
drive,3
varsity,3
stay,3
town,3
shift,3
waking,3
bra,3
brothers,3
spending,3
whos,3
conversation,3
arrive,3
silver,3
linings,3
therefore,3
bar,3
yebo,3
wp,3
plans,3
register,3
course,3
mantissa,3
exponent,3
bits,3
ordered,3
cheese,3
kept,3
drank,3
moved,3
walmer,3
easiest,3
complex,3
separately,3
fire,3
ice,3
cold,3
caffeine,3
view,3
tuesday,3
wat,3
alone,3
sorting,3
bank,3
registration,3
month,3
guild,3
character,3
wear,3
box,3
choose,3
poker,3
excite,3
fighting,3
believe,3
rent,3
massage,3
steps,3
wrote,3
anywhere,3
short,3
low,3
lower,3
limit,3
tb,3
vanilla,3
wri,3
cook,3
coke,3
expect,3
ended,3
stealing,3
choir,3
details,3
shop,3
feet,3
display,3
needed,3
circle,3
cell,3
submitted,3
dota,3
beginning,3
irritated,3
ways,3
lose,3
lift,3
shes,3
class,3
dictionary,3
team,3
iterate,3
graphics,3
halfway,3
general,3
nerd,3
cubed,3
youtube,3
powers,3
suggested,3
throw,3
american,3
diagram,3
slept,3
directly,3
note,3
quality,3
g,3
b,3
copied,3
systems,3
totes,3
decided,3
features,3
import,3
irritating,3
buying,3
linked,3
notice,3
program,3
evening,3
curve,3
ridiculously,3
depth,3
electricity,3
shows,3
played,3
option,3
menu,3
glad,3
switching,3
main,3
wifi,3
overflow,3
choice,3
affect,3
generated,3
s,3
calculations,3
others,3
figuring,3
asks,3
missing,3
decoder,3
circuits,3
science,3
previously,3
mines,3
ms,3
outside,3
bounds,3
gotten,3
werent,3
happ,3
parameter,3
distribution,3
sum,3
keeps,3
shadow,3
mordor,3
words,3
counter,3
productive,3
risk,3
worried,3
premium,3
chapter,3
waste,3
university,3
subreddit,3
browsing,3
provide,3
scc,3
network,3
inequality,3
backwards,3
bucket,3
loadshedding,3
efficient,3
patch,3
recursively,3
frozen,3
ftl,3
sea,3
giving,3
struggling,3
rather,3
nerves,3
shitty,3
messages,3
efficiency,3
inputs,3
cache,3
discrimination,3
bugs,3
introduced,3
deployment,3
trial,3
launch,3
password,3
apk,3
signed,3
wouldve,3
updated,3
screwed,3
derive,3
address,3
virtual,3
loop,3
shirts,3
biggest,3
mostly,3
jacobian,3
action,3
activity,3
windows,3
basic,3
chair,3
standard,3
proper,3
enjoy,3
besiege,3
updates,3
dell,3
constant,3
proving,3
continuity,3
ready,3
boundary,3
focus,3
net,3
theyll,3
verify,3
sides,3
projecting,3
refund,3
win,3
credit,3
ground,3
chatted,3
uploading,3
quicker,3
manually,3
das,3
codes,3
kim,3
euler,3
hopefully,3
mac,3
straueli,3
improve,3
multiplier,3
enter,3
slow,3
hardest,3
road,3
worries,3
commits,3
buttons,3
ftpautomator,3
conflicts,3
woah,3
scripts,3
callback,3
graph,3
ln,3
github,3
exercised,2
spaceship,2
python,2
constants,2
sun,2
breaking,2
draw,2
none,2
frame,2
dayd,2
bro,2
select,2
solving,2
blizzard,2
released,2
prefer,2
mind,2
skyrim,2
christmas,2
challenge,2
ai,2
mapm,2
dynamically,2
following,2
checks,2
length,2
confirm,2
reference,2
moves,2
catch,2
cpu,2
fps,2
bass,2
shortest,2
finds,2
pixels,2
receive,2
calculated,2
state,2
separate,2
tiago,2
pentagon,2
search,2
nowadays,2
reply,2
mesh,2
appointment,2
size,2
hurr,2
generation,2
eat,2
average,2
selection,2
scientists,2
job,2
ong,2
horrible,2
dammit,2
hik,2
fat,2
whatcha,2
dolla,2
bills,2
hosts,2
wage,2
eh,2
theoretically,2
dropping,2
drop,2
confused,2
shh,2
considering,2
v,2
dentist,2
guess,2
alarm,2
crying,2
yoga,2
wtf,2
hornet,2
biceps,2
pricey,2
helping,2
shape,2
skills,2
xf,2
seat,2
xx,2
lolwut,2
drinks,2
hasnt,2
turned,2
fill,2
cab,2
petrol,2
negative,2
values,2
sucks,2
dedicated,2
dis,2
fak,2
iirc,2
soo,2
bell,2
clarity,2
pain,2
scrub,2
nd,2
ish,2
picking,2
style,2
parking,2
friend,2
nono,2
borderlands,2
tiny,2
step,2
attend,2
pracs,2
pretend,2
cancelled,2
jason,2
bards,2
playthrough,2
quest,2
jump,2
ignore,2
invited,2
casually,2
enchanting,2
higher,2
picked,2
rid,2
mana,2
regen,2
cheat,2
pokr,2
sports,2
golden,2
cv,2
forward,2
perfectly,2
shout,2
organise,2
ashleys,2
potentially,2
due,2
lied,2
fires,2
firetrucks,2
teaching,2
al,2
homework,2
joburg,2
row,2
round,2
core,2
specify,2
renegades,2
blood,2
injection,2
recommended,2
boxes,2
max,2
incredible,2
pro,2
dust,2
visit,2
country,2
flag,2
twitch,2
packet,2
beach,2
drink,2
itself,2
wpm,2
thus,2
timing,2
pushing,2
sister,2
fingers,2
decrease,2
mark,2
cellphone,2
document,2
necessary,2
newcell,2
forgetting,2
quiz,2
formula,2
practically,2
himself,2
goal,2
fail,2
spectacularly,2
surprised,2
books,2
birthday,2
remotely,2
exist,2
closed,2
computers,2
session,2
allowed,2
atm,2
excited,2
player,2
players,2
referencing,2
turns,2
connection,2
enumerator,2
indexing,2
documentation,2
fucked,2
var,2
pointing,2
surfaces,2
section,2
ded,2
procrastinating,2
videos,2
front,2
integration,2
teh,2
zerg,2
rush,2
happens,2
ran,2
directions,2
charges,2
foh,2
whatev,2
covered,2
loving,2
compile,2
control,2
draws,2
reproduce,2
handling,2
harder,2
programmer,2
defensive,2
admitting,2
dot,2
dots,2
loops,2
supported,2
downloaded,2
dev,2
transistor,2
maek,2
exe,2
puzzle,2
engine,2
traffic,2
brandy,2
ima,2
nowhere,2
pieces,2
optimisation,2
brain,2
recently,2
progress,2
contacts,2
dam,2
correctly,2
flooded,2
industrial,2
district,2
multiplayer,2
sim,2
simulated,2
health,2
tabletop,2
original,2
wolfenstein,2
worthwhile,2
eskom,2
powerful,2
shedding,2
swapping,2
leads,2
cases,2
interested,2
interpret,2
l,2
capabilities,2
passing,2
impossible,2
passed,2
jumps,2
advanced,2
designed,2
hokay,2
assignment,2
benchmarks,2
interest,2
current,2
relief,2
chapters,2
revision,2
ripple,2
module,2
share,2
bundle,2
mill,2
nonunique,2
takling,2
felt,2
managing,2
across,2
badly,2
skillz,2
mouse,2
fake,2
weed,2
entries,2
chooses,2
distributed,2
two,2
font,2
record,2
noticed,2
framerate,2
corner,2
intro,2
lines,2
speak,2
digit,2
series,2
noone,2
smart,2
immediately,2
solve,2
thinks,2
kevin,2
taht,2
installer,2
asking,2
clunky,2
manage,2
typed,2
wel,2
gaming,2
slower,2
ips,2
passion,2
often,2
causes,2
software,2
active,2
types,2
declaration,2
ide,2
mb,2
implementation,2
cable,2
pink,2
upload,2
apply,2
filters,2
log,2
drives,2
range,2
large,2
reasonably,2
marked,2
transparency,2
aero,2
students,2
indie,2
dark,2
forums,2
fully,2
forms,2
touched,2
crazy,2
dx,2
conservative,2
africa,2
neighbour,2
laid,2
plug,2
woke,2
mono,2
exchange,2
rates,2
xmlreader,2
location,2
interfaces,2
daunting,2
anymore,2
consolidated,2
resource,2
crashes,2
debugging,2
song,2
join,2
da,2
hulle,2
converter,2
death,2
theyve,2
sold,2
effort,2
shouldve,2
agaist,2
males,2
json,2
twitter,2
stopped,2
results,2
closer,2
debugger,2
exists,2
permissions,2
screenshot,2
emailed,2
asleep,2
nicer,2
bin,2
strange,2
slicker,2
equation,2
equal,2
zero,2
content,2
pipeline,2
newtons,2
process,2
heres,2
f,2
speaking,2
business,2
samsung,2
inheritance,2
oop,2
machines,2
semipseudo,2
syntax,2
afaik,2
nikki,2
exam,2
ct,2
schedule,2
collared,2
brush,2
gots,2
swap,2
suggestion,2
satan,2
inequalities,2
example,2
relationship,2
dialog,2
sunless,2
rpg,2
paint,2
assessed,2
quantity,2
implement,2
lemme,2
closes,2
created,2
activities,2
designer,2
instance,2
threading,2
port,2
budget,2
ee,2
businesses,2
langauge,2
packing,2
especially,2
spoke,2
thee,2
circulation,2
evaluate,2
multiplying,2
multiplied,2
scalar,2
knowing,2
ring,2
board,2
statements,2
uncomfortable,2
breeze,2
e,2
against,2
hers,2
doubles,2
valid,2
loves,2
nodes,2
specifically,2
backups,2
wings,2
generally,2
calculating,2
coordinates,2
uneasy,2
dotting,2
parameterise,2
assuming,2
relieved,2
abuse,2
snapping,2
expecting,2
cover,2
registered,2
rotating,2
solutions,2
majority,2
cape,2
mcd,2
brydon,2
phaser,2
dropbox,2
notification,2
develop,2
buggy,2
unlikely,2
grows,2
sized,2
stick,2
tastes,2
mah,2
bru,2
cooptional,2
actively,2
derivco,2
saws,2
host,2
stairs,2
restarting,2
circles,2
solved,2
crap,2
bread,2
competitiveness,2
count,2
inverted,2
few,2
heard,2
basics,2
extremely,2
awake,2
luck,2
hash,2
literal,2
showed,2
skimmed,2
bscoza,2
tasks,2
saving,2
tricky,2
happened,2
implementing,2
tag,2
inflation,2
todo,2
radix,2
cmd,2
merged,2
merging,2
structure,2
label,2
modified,2
description,2
automator,2
domain,2
track,2
stressful,2
refresh,2
confuses,2
website,2
index,2
coo,2
aw,2
history,2
local,2
convert,2
selecting,2
conversion,2
qr,2
bigger,2
returning,2
modals,2
future,2
hacky,2
stylin,2
aws,2
crate,2
hostage,2
confuse,2
api,2
proposal,2
facebook,2
forget,2
shared,2
npm,2
dynamic,2
scheme,2
dates,2
ugly,2
safe,2
chrome,2
cordova,2
glow,2
innerhtml,2
textcontent,2
diablo,2
soz,2
usefullinksxml,2
comma,2
regex,2
numbox,2
badass,2
willy,1
nilly,1
stabilises,1
personified,1
chuck,1
swam,1
radioactive,1
goo,1
four,1
arms,1
famdamily,1
shoulders,1
tricep,1
died,1
paying,1
arma,1
fermats,1
spiral,1
bmp,1
color,1
recreate,1
texture,1
cycles,1
idgaf,1
recursing,1
splain,1
byrrroooon,1
sticks,1
settings,1
retry,1
reminded,1
defos,1
improvements,1
tubes,1
dirbxd,1
ofak,1
scared,1
family,1
dragging,1
latey,1
toobz,1
backs,1
gem,1
season,1
gnomes,1
rational,1
patching,1
pathing,1
helped,1
spread,1
placr,1
pace,1
virtually,1
dimension,1
ecastle,1
travels,1
accelerates,1
hadnt,1
splaining,1
nan,1
accelerated,1
intensive,1
sinunulates,1
fs,1
stays,1
sparkle,1
frienderino,1
church,1
rehearsal,1
lasted,1
acoustic,1
plucking,1
tune,1
shower,1
burn,1
howmanypullupstho,1
tgat,1
individual,1
poc,1
overshoot,1
decreasing,1
simulating,1
cycle,1
normalized,1
men,1
womenp,1
il,1
spidar,1
pathfinder,1
burger,1
offset,1
vertices,1
inner,1
starfish,1
optimized,1
insert,1
insertion,1
poubt,1
floats,1
hry,1
accident,1
obvs,1
construct,1
durr,1
navmesh,1
execution,1
ridonculously,1
mensa,1
dual,1
wielding,1
destruction,1
spells,1
mit,1
bogo,1
inefficient,1
lolnope,1
choixe,1
uncertainty,1
physicist,1
taught,1
nmmu,1
realising,1
stupid,1
vids,1
vague,1
enrichment,1
research,1
phonecalls,1
zz,1
hoi,1
hii,1
recovery,1
nazimasterrace,1
byron,1
nigel,1
wys,1
vir,1
hom,1
akbar,1
certainty,1
xhuutdssedfgbnkoiyfefvgesd,1
typos,1
pork,1
sausages,1
hungry,1
ta,1
earnings,1
rph,1
tips,1
mike,1
waiter,1
newxd,1
hav,1
overslept,1
slowing,1
throttling,1
shut,1
shat,1
shrtllert,1
giff,1
thursdays,1
parkings,1
tow,1
leg,1
wake,1
malfunctioning,1
salutation,1
panting,1
dog,1
whirlwind,1
tornado,1
samurai,1
duck,1
griddled,1
toast,1
signbxd,1
private,1
swoler,1
tub,1
risks,1
drinking,1
components,1
specified,1
semi,1
modular,1
psu,1
heavy,1
creatin,1
gainz,1
ox,1
servings,1
niks,1
brea,1
balloon,1
muscle,1
woulda,1
thunk,1
luckier,1
xsd,1
kthxbye,1
ktybi,1
uh,1
waitering,1
notatallistoomuch,1
ell,1
cash,1
rang,1
insured,1
excluding,1
hourly,1
initiative,1
reinforcement,1
floor,1
exhausted,1
telkom,1
hunters,1
toilet,1
harrow,1
sport,1
keadt,1
floater,1
aim,1
belive,1
chappy,1
loneliness,1
illogical,1
feelz,1
iamrobot,1
jadensmith,1
que,1
nohablo,1
ahnyonghaseyo,1
korean,1
nownow,1
serioud,1
payment,1
ensures,1
justified,1
nonzero,1
swug,1
chilli,1
poppers,1
hot,1
mouth,1
icanteven,1
pepers,1
jalapeno,1
shaun,1
litre,1
popper,1
housewarming,1
braai,1
byob,1
haddon,1
hall,1
blackpool,1
street,1
summerstrand,1
gimme,1
yr,1
cabaret,1
cutlery,1
beret,1
plan,1
listen,1
girl,1
pendulum,1
reminds,1
iced,1
mix,1
spoons,1
instant,1
boiling,1
dissolves,1
dump,1
weaker,1
amendments,1
timetable,1
woman,1
letters,1
duplicates,1
thoug,1
restaurant,1
staff,1
panic,1
pending,1
orders,1
generator,1
mugg,1
bean,1
useless,1
jewellery,1
thief,1
linearity,1
chains,1
regard,1
committal,1
disappointing,1
skill,1
bode,1
ahead,1
social,1
ricoffy,1
focusing,1
wrist,1
archmage,1
robes,1
potions,1
enchant,1
increases,1
carrying,1
chic,1
weight,1
barrel,1
mage,1
casting,1
fuckit,1
naa,1
blasphemy,1
hail,1
overrated,1
eatlier,1
dobsomething,1
cashmoney,1
lighthouse,1
noways,1
embarrassing,1
cd,1
tickets,1
chilling,1
pbt,1
caps,1
willing,1
shoes,1
total,1
girlfriend,1
bleeds,1
sex,1
injustice,1
gods,1
among,1
compare,1
match,1
closure,1
joke,1
realistic,1
brooding,1
racquet,1
pants,1
swaggytape,1
forgotten,1
voswagguberry,1
kalahari,1
awks,1
hah,1
cancer,1
patients,1
breathed,1
oxygen,1
reasons,1
probability,1
sewer,1
determination,1
induction,1
incorporate,1
kills,1
lateral,1
wore,1
inn,1
workouts,1
weakling,1
pullups,1
doctor,1
iron,1
tablets,1
breakfast,1
carbs,1
above,1
provitas,1
juice,1
matts,1
tester,1
diabetic,1
physio,1
jelly,1
intensifies,1
essence,1
tea,1
legal,1
league,1
lethal,1
maximum,1
mechanical,1
loud,1
insist,1
taste,1
corrected,1
yum,1
cashing,1
fly,1
clothes,1
divide,1
options,1
chinos,1
disregarded,1
wishes,1
maintain,1
plays,1
halo,1
modules,1
disappeared,1
sardinia,1
meeting,1
agreeing,1
statement,1
sundowners,1
drops,1
finer,1
backpace,1
stabiliser,1
unfortunate,1
spring,1
blues,1
consistently,1
ashley,1
transporting,1
complaints,1
stabilised,1
brad,1
emailing,1
charmaine,1
gaem,1
extend,1
desktop,1
nonetheless,1
camera,1
eventhink,1
immediate,1
faced,1
estate,1
pirated,1
whatevs,1
celllinkvalue,1
linknext,1
refernece,1
pointers,1
allocation,1
primitive,1
aha,1
portal,1
period,1
density,1
possess,1
pisses,1
hin,1
bet,1
attended,1
bullwhip,1
excuse,1
honesty,1
paragraphs,1
pretended,1
received,1
launches,1
notafuk,1
hypocritical,1
hilarious,1
ranting,1
admirable,1
hated,1
handled,1
spends,1
tangible,1
jealousy,1
third,1
wheel,1
softness,1
disappointed,1
subconscious,1
suddenly,1
aggrrssion,1
defense,1
mechanism,1
lolwat,1
dies,1
battery,1
hunger,1
recorded,1
errands,1
repost,1
tin,1
foil,1
heyyy,1
timr,1
pad,1
caseys,1
pen,1
alpha,1
symbol,1
troublesome,1
uhm,1
mught,1
transcribing,1
disconnected,1
moodle,1
reconnect,1
instantiate,1
blue,1
enuerator,1
enumerables,1
vok,1
weet,1
naming,1
conventions,1
cargo,1
revisin,1
quantifying,1
dificult,1
lore,1
ch,1
sit,1
chain,1
rule,1
stare,1
staring,1
httpmynoisenetnoisemachinescaferestaurantnoisegeneratorphp,1
noise,1
concentrate,1
dv,1
clasutrophobic,1
binaural,1
beats,1
filing,1
papers,1
cupboards,1
frugal,1
utalitarianism,1
frugalism,1
hordeing,1
warcraft,1
verb,1
orcs,1
races,1
fundamental,1
reaallly,1
korea,1
bookshelf,1
frequencies,1
soothing,1
sooth,1
cables,1
sligthly,1
lolzies,1
lanes,1
infinite,1
units,1
parked,1
httpimgurcomaansp,1
mounted,1
displayed,1
conquer,1
symbols,1
lo,1
wil,1
tehy,1
rts,1
cutesy,1
models,1
trails,1
limiting,1
ohnowait,1
totalbiscuit,1
streaming,1
mech,1
bejeweled,1
positon,1
whati,1
extension,1
topics,1
depending,1
flaws,1
holding,1
hm,1
eventhandlers,1
dispatchevents,1
guitar,1
frets,1
admitted,1
occasions,1
sarcasm,1
esteem,1
brings,1
perceive,1
condescending,1
mentality,1
vengeance,1
thist,1
changecolourcolor,1
newcolor,1
bool,1
changeadjacent,1
inferiority,1
changecolour,1
adjacent,1
cells,1
three,1
enum,1
enumgetvalues,1
sfml,1
identical,1
newer,1
microsoft,1
endorsed,1
legit,1
whatwhat,1
firs,1
tplace,1
developed,1
ps,1
thar,1
blows,1
moh,1
powa,1
lern,1
deh,1
preti,1
tins,1
aleays,1
gane,1
laze,1
effects,1
spell,1
camdonnet,1
condomnet,1
umm,1
edit,1
contentmanagrr,1
fee,1
loadsa,1
edges,1
plus,1
cliffs,1
thinf,1
candlelight,1
terrain,1
reversi,1
black,1
opponents,1
loos,1
guest,1
exploded,1
root,1
mass,1
effect,1
implying,1
afk,1
trip,1
available,1
mis,1
clicking,1
molehill,1
stayed,1
cities,1
mods,1
mod,1
flight,1
city,1
congestion,1
evrything,1
roads,1
railways,1
airports,1
agriculture,1
mining,1
housing,1
commerce,1
garbage,1
sewage,1
police,1
importsexports,1
bags,1
settlers,1
catan,1
brads,1
boardgames,1
fuckin,1
grown,1
fown,1
brag,1
sheet,1
modest,1
scanned,1
timelines,1
campaigns,1
gta,1
httpchallengeentelectcozainfo,1
shortage,1
iut,1
delegate,1
thay,1
assignments,1
somewhat,1
suggest,1
respects,1
adapt,1
predictable,1
omgomgomgomg,1
workaroudns,1
follow,1
closely,1
whoever,1
although,1
sorted,1
lead,1
reversed,1
comparisons,1
httpimgurcomyuhgbcw,1
characters,1
interpretation,1
rules,1
steing,1
avoid,1
deep,1
include,1
overflows,1
multithreading,1
exporting,1
cores,1
cpus,1
fractured,1
province,1
benchmarking,1
spreadsheets,1
clock,1
gift,1
partial,1
contours,1
httpimgurcomndipvzdwqjvhrnwxagjdeljggbh,1
temperamental,1
ectremum,1
xy,1
z,1
marrage,1
barrage,1
simpler,1
adders,1
lifts,1
httpwwwbundlestarscomallbundlesindielegendsbundle,1
httpwwwbundlestarscomstoretabletopsimulatorpack,1
kk,1
speedrunners,1
steep,1
deals,1
paypal,1
rayman,1
meantime,1
ph,1
predrinks,1
phils,1
asian,1
dgaf,1
asians,1
pyjamas,1
socks,1
slops,1
predetermined,1
ticks,1
measure,1
trend,1
distrinct,1
misunderstanding,1
clarfiy,1
accusing,1
sane,1
serial,1
sublist,1
blowup,1
acting,1
causing,1
disparity,1
cigarettes,1
smoke,1
sisters,1
school,1
grease,1
lit,1
joint,1
carried,1
smell,1
meaning,1
goor,1
gooooooorrrrr,1
smells,1
aunt,1
uncle,1
agree,1
pres,1
brebner,1
pinch,1
soin,1
pinash,1
brandewyn,1
lan,1
keyboards,1
controllers,1
sad,1
hearthstobe,1
rounds,1
unstable,1
lanning,1
poisson,1
skipped,1
suspicious,1
popping,1
tends,1
wolframalpha,1
exponential,1
variance,1
enjoying,1
riskreward,1
sprite,1
implemented,1
webwhatsapp,1
shadowplay,1
procedure,1
mental,1
minute,1
nuuvem,1
dlc,1
prices,1
depends,1
loss,1
selector,1
gates,1
httpimgurcomgalleryikze,1
circuitssigned,1
floating,1
representation,1
images,1
adder,1
findwordstring,1
stringcompareto,1
juju,1
concern,1
coola,1
nevermind,1
wort,1
twenty,1
nine,1
recordings,1
sharepoint,1
addresses,1
disappear,1
nothingness,1
install,1
gb,1
wai,1
certify,1
son,1
scan,1
unlike,1
rgamedesign,1
rgamedev,1
collision,1
decendents,1
walking,1
subreddits,1
nonoo,1
enumerable,1
rateapps,1
foreach,1
feature,1
deciding,1
kims,1
monitor,1
sockets,1
networking,1
multicultural,1
majors,1
degree,1
focused,1
development,1
result,1
areas,1
immense,1
likeminded,1
aweome,1
hardware,1
teehee,1
motor,1
streamline,1
nullable,1
dostuff,1
syntactic,1
nullablein,1
emulators,1
aroud,1
httpwwwwordlabcomnamegeneratorsteamnamegenerator,1
legendary,1
pony,1
penises,1
bb,1
moed,1
retared,1
os,1
cheapie,1
instagrammed,1
cares,1
instagram,1
csnmmu,1
acc,1
suggestions,1
retype,1
appropriate,1
uniform,1
answers,1
comets,1
curtains,1
glare,1
tall,1
struggles,1
smoothly,1
tn,1
richer,1
decide,1
setup,1
dofferently,1
marginally,1
theme,1
goodbye,1
eyes,1
fleshed,1
workable,1
band,1
practice,1
coolest,1
preparing,1
survive,1
themselves,1
sat,1
ysinxy,1
dy,1
qxpy,1
zeroes,1
polishnicaraguanbhutanese,1
pepsi,1
manufacturing,1
protectorate,1
located,1
tranquility,1
moon,1
australia,1
prefixing,1
finmathpi,1
underscores,1
fancy,1
overthe,1
harassment,1
director,1
company,1
cannot,1
afford,1
lawyerts,1
honestly,1
hurt,1
internets,1
douchebag,1
router,1
constantly,1
disconnecting,1
complain,1
plugged,1
promise,1
evil,1
approachable,1
matters,1
triple,1
calm,1
sin,1
ho,1
bitch,1
deserializing,1
systemxml,1
presets,1
curving,1
respond,1
slider,1
bars,1
anxiety,1
cup,1
hapy,1
remote,1
deseriliser,1
deserialiser,1
httpcsharpnettutorialscomxmlintroduction,1
records,1
prof,1
sharp,1
consolation,1
xmlwriter,1
xmldocument,1
dashes,1
manager,1
broke,1
helpful,1
breakpoints,1
pauses,1
imgine,1
stepping,1
blindly,1
ported,1
touch,1
pump,1
trump,1
tromp,1
pomp,1
saves,1
age,1
spinners,1
monsanto,1
farmers,1
everyday,1
disagree,1
paly,1
devils,1
advocate,1
farmer,1
bullshit,1
neutral,1
article,1
issues,1
polarised,1
emotional,1
dramatises,1
information,1
articales,1
disease,1
woe,1
opposed,1
disliking,1
gmo,1
crops,1
convince,1
opinions,1
sell,1
seeds,1
agreement,1
product,1
involved,1
march,1
slogan,1
wring,1
exclusivity,1
jargony,1
exceptionheyexception,1
exception,1
tryexist,1
deserialise,1
providing,1
queries,1
distraction,1
wallowing,1
remindr,1
probs,1
sweets,1
chips,1
protects,1
suddenty,1
owrked,1
sdk,1
wasting,1
accidentally,1
registering,1
managers,1
httpsplaygooglecomstoreappsdetailsidcombrydonleonardfachlen,1
disconnect,1
middownload,1
icon,1
removed,1
trycatch,1
dependencies,1
unsigned,1
compiles,1
directory,1
roll,1
elses,1
phones,1
validated,1
automated,1
published,1
unintelligible,1
drawer,1
views,1
proerly,1
movingthem,1
rewriting,1
handwriting,1
thingie,1
restarted,1
xnbs,1
fiiddle,1
solves,1
equations,1
iterative,1
accurate,1
domagicdouble,1
wrapping,1
official,1
concerend,1
ruby,1
hapnin,1
unproductive,1
treat,1
advice,1
forum,1
localisation,1
koreans,1
intervie,1
major,1
encapsulation,1
polymorphism,1
translates,1
talks,1
sinc,1
ethats,1
sue,1
intense,1
playstore,1
willingness,1
sweating,1
bullets,1
bother,1
dictionaries,1
logic,1
dictionarykeytype,1
valuetype,1
keyvaluepairs,1
foreachkeyvaluepair,1
pair,1
volume,1
modifiers,1
thin,1
randomize,1
immutable,1
seep,1
accommodation,1
settled,1
sound,1
lie,1
revised,1
afraid,1
failed,1
fetch,1
realsies,1
hair,1
naturally,1
qay,1
brushing,1
yolo,1
brushed,1
disagreement,1
attack,1
rooms,1
exams,1
stressing,1
specifcally,1
statistics,1
moments,1
unitarian,1
transformation,1
univariate,1
bivariate,1
derivative,1
ages,1
outweighed,1
leaving,1
javafx,1
javad,1
motivation,1
welll,1
abomination,1
sail,1
ship,1
story,1
roguelike,1
tbs,1
packed,1
vein,1
paced,1
lights,1
boats,1
settlements,1
listener,1
cahtting,1
pottery,1
groups,1
scrap,1
situations,1
displayloadingaction,1
opens,1
scenes,1
intents,1
unpackage,1
intentputextra,1
puts,1
bundleable,1
iscenestate,1
constructor,1
scene,1
httpwwwredditcomrprogrammerhumorcommentsajevolutionofapythonprogrammer,1
laughed,1
domagic,1
dos,1
gax,1
fell,1
tomorrows,1
dubbayoo,1
w,1
endearing,1
inherits,1
ieventhandler,1
cards,1
remaining,1
achive,1
preplan,1
abominations,1
faster,1
findviewbyid,1
quirks,1
taxactfindviewbyidtextview,1
androidresourceidtexttext,1
resourcesgetstring,1
resourcestringmaintaxactdescr,1
combining,1
towards,1
unify,1
standards,1
clutter,1
dollar,1
delegates,1
rebel,1
translate,1
techniques,1
planned,1
intellisense,1
compared,1
exposed,1
backing,1
xamarinforms,1
cut,1
axml,1
netbeans,1
se,1
oracle,1
finishes,1
combination,1
guis,1
databases,1
database,1
preference,1
objects,1
bins,1
sizes,1
spin,1
lecture,1
glimpse,1
amy,1
beast,1
pp,1
ziggurat,1
during,1
summer,1
regret,1
roguelikes,1
liked,1
ot,1
cantquite,1
sales,1
saved,1
art,1
skating,1
muscles,1
dub,1
plasterfeet,1
lame,1
riemann,1
approximations,1
forthe,1
fxy,1
split,1
regions,1
overestimate,1
underestimate,1
favor,1
flux,1
fox,1
brains,1
hotdogs,1
coincidence,1
otherwiae,1
hello,1
recovered,1
tomorroq,1
hack,1
slash,1
living,1
saclars,1
httpclassaucsbedustaffalexvcfaqgdcgdchtm,1
definining,1
gradeint,1
continue,1
alternative,1
definitions,1
links,1
gong,1
memos,1
disappears,1
vaguely,1
beel,1
thx,1
yx,1
notation,1
integrating,1
equivalent,1
equivalence,1
region,1
enclosed,1
intrinsically,1
calculates,1
fiddles,1
complicate,1
bah,1
disadvantage,1
voundary,1
nature,1
harvard,1
ignored,1
via,1
rewatch,1
httpswwwyoutubecomwatchvvgylvo,1
httpswwwyoutubecomwatchvccotayzxm,1
abreak,1
dosag,1
calling,1
recoded,1
differnet,1
algorithsm,1
valuable,1
revising,1
quicksort,1
yours,1
wellthis,1
weather,1
hear,1
taxis,1
comparitively,1
delayed,1
gratification,1
arraylists,1
reasoning,1
consturctive,1
destructive,1
exceeded,1
linkedlistadd,1
catches,1
backup,1
excess,1
external,1
ptting,1
conciously,1
positions,1
stabilisation,1
replace,1
propellers,1
helicopter,1
gears,1
nicely,1
singles,1
lump,1
related,1
integralsflux,1
projection,1
regarding,1
xyplane,1
spherical,1
achieves,1
cylinder,1
follows,1
cartesian,1
became,1
formulae,1
tx,1
paraboloid,1
essentially,1
projections,1
httpswwwyoutubecomwatchvvpzbcqdggk,1
bounded,1
properl,1
nds,1
partials,1
ito,1
crossed,1
sxyzxy,1
sx,1
sydxdy,1
parabaloid,1
curls,1
morw,1
swirls,1
linear,1
theorems,1
relaxed,1
purchase,1
ban,1
reasonable,1
rebuy,1
consider,1
fusion,1
aimassist,1
stingy,1
greenlight,1
kickstarter,1
abused,1
serh,1
sed,1
chances,1
theve,1
notch,1
braid,1
meatboyguy,1
stable,1
spirit,1
batman,1
voyeur,1
yoloswag,1
xnb,1
orientation,1
screenorientation,1
screenorientationlandscape,1
screwing,1
utilise,1
bus,1
architecture,1
met,1
irqs,1
prescribed,1
practical,1
practising,1
division,1
subjects,1
discussion,1
organising,1
decisions,1
cars,1
lifted,1
competent,1
along,1
studied,1
promoted,1
beta,1
summary,1
ambiguous,1
happeh,1
throbbing,1
canteen,1
downstairs,1
boardrooms,1
derivcos,1
hi,1
spar,1
joined,1
photos,1
bigroomadvantage,1
swords,1
shields,1
miniclip,1
poes,1
httpswagpoesio,1
unescapable,1
sawthat,1
getat,1
returned,1
inputondown,1
affects,1
judges,1
ambition,1
stood,1
comfortably,1
everywhere,1
pssh,1
lags,1
keast,1
modularisation,1
van,1
schaiks,1
slot,1
laptop,1
equipment,1
stand,1
hands,1
confirmation,1
enouhh,1
normalish,1
leveks,1
bull,1
prepped,1
koding,1
koder,1
hoped,1
kodes,1
swa,1
uploaded,1
bridge,1
gain,1
tons,1
attention,1
httpswwwyoutubecomwatchvgogndugu,1
music,1
powerup,1
repetitive,1
milkshake,1
shakes,1
resting,1
podcast,1
lemon,1
creams,1
muffin,1
freezer,1
defrosting,1
harm,1
blanket,1
jacket,1
tirin,1
nighters,1
taylor,1
strike,1
rd,1
member,1
comp,1
surname,1
varisty,1
sungkyunkwan,1
pasta,1
oldest,1
layers,1
jerseyt,1
pesticide,1
innocent,1
breakdown,1
combinations,1
pamphlet,1
bursaries,1
requirements,1
graduation,1
bursary,1
tie,1
sauwse,1
shipping,1
unreliable,1
renting,1
opportunities,1
rated,1
identify,1
objectives,1
prisms,1
phonegapcordova,1
cocoonjs,1
support,1
wrapped,1
waitng,1
platforms,1
compatibiltiy,1
checkbox,1
shrink,1
fewest,1
tradeoff,1
rekt,1
bonus,1
pros,1
de,1
thurkls,1
backin,1
grow,1
rureddyfordis,1
opening,1
steal,1
hectic,1
obs,1
recommends,1
tripled,1
overpriced,1
wonning,1
attitude,1
increase,1
levels,1
quote,1
growing,1
comfort,1
zones,1
gist,1
tool,1
typo,1
prizes,1
ccd,1
contains,1
sets,1
spreadsheet,1
operations,1
albeit,1
eaiser,1
recursivefunctionchar,1
base,1
queue,1
royally,1
rolling,1
capitec,1
transactions,1
universal,1
paintnet,1
theyd,1
score,1
tondownload,1
neural,1
english,1
codecademy,1
covers,1
staying,1
sums,1
brah,1
jagged,1
smooth,1
skype,1
xmlhttpnew,1
xmlhttprequest,1
documentreadyfunction,1
append,1
literaly,1
fori,1
stringvalues,1
searched,1
stackoverflow,1
scrolled,1
fumble,1
usa,1
technology,1
entrepreneur,1
greyling,1
presentation,1
automate,1
locking,1
unsafe,1
figured,1
parsing,1
listichildnodesinnerhtml,1
listichildnodesfirstchildnodevalue,1
wschools,1
manipulating,1
bootstrap,1
browsers,1
donteven,1
attributes,1
internships,1
retard,1
chartjs,1
congested,1
animationeasing,1
easeoutquart,1
httpswwwfusionboxcomblogdetailproblemswithcomputerscienceeducation,1
customcss,1
twas,1
brilling,1
mome,1
raths,1
gimble,1
gyre,1
wave,1
wabe,1
ignoring,1
congrats,1
kind,1
surprisingly,1
suppsoed,1
oauthlib,1
evicting,1
backed,1
brickmakers,1
airport,1
amilcar,1
relatively,1
cloned,1
witha,1
installed,1
initial,1
near,1
reviwer,1
under,1
huh,1
branched,1
combine,1
linkd,1
restructuring,1
octopus,1
titles,1
modifying,1
cross,1
handed,1
reviewer,1
fo,1
unnecessary,1
ftpautomatorpy,1
copies,1
htdocs,1
pulling,1
encountered,1
waus,1
overwrite,1
stash,1
reapply,1
reappear,1
errors,1
wokring,1
drectory,1
listing,1
arrow,1
assets,1
werid,1
cleaning,1
throws,1
fails,1
seapartely,1
protocol,1
seconds,1
redeployed,1
webconfig,1
config,1
final,1
momentjs,1
formatting,1
gitignore,1
relative,1
reopen,1
persistent,1
diagrams,1
httpleftoversaladtumblrcompostprogramminglanguagespersonified,1
lold,1
workarounds,1
weak,1
chuckle,1
concatenate,1
arguments,1
produce,1
eg,1
consistent,1
chick,1
training,1
below,1
exttra,1
frequency,1
correction,1
encoding,1
dirty,1
certain,1
percentage,1
unreadable,1
profile,1
channel,1
notes,1
httpjamesiryblogspotcombriefincompleteandmostlywronghtml,1
fish,1
wheres,1
converted,1
negligible,1
removing,1
decimals,1
letter,1
realreturncalcjs,1
unique,1
header,1
excalty,1
synchornous,1
happenig,1
navbar,1
httpmobilenytimescomtechnologyinsideamazonwrestlingbigideasinabruisingworkplacehtmlreferrerr,1
amazon,1
false,1
override,1
satisfying,1
ticking,1
resolution,1
pulled,1
simultaneously,1
protected,1
programs,1
persists,1
anchors,1
attached,1
runnig,1
manages,1
constructed,1
tidier,1
branching,1
comment,1
yeah,1
relies,1
heavily,1
lootcrte,1
geekcrate,1
cupboard,1
sentence,1
pigeon,1
cloning,1
unlimited,1
lectur,1
phoned,1
passive,1
aggressive,1
reacted,1
itwas,1
buildup,1
shock,1
announcement,1
professed,1
obvious,1
apologise,1
appreciate,1
express,1
emotions,1
dropped,1
durban,1
misinterpret,1
ssag,1
refreshing,1
animation,1
rprogramming,1
quartic,1
easing,1
commented,1
intended,1
react,1
manipulation,1
jam,1
deal,1
sequence,1
lies,1
nonln,1
limits,1
forever,1
spaced,1
repetition,1
neuroscience,1
sse,1
considered,1
degrees,1
freedom,1
estimate,1
estimating,1
tar,1
including,1
matrices,1
ranges,1
excel,1
ctrl,1
tinv,1
usb,1
askp,1
nodejs,1
motivate,1
toward,1
unproductivity,1
map,1
safety,1
pops,1
st,1
ther,1
ludei,1
provides,1
plugins,1
notifications,1
native,1
platform,1
convenience,1
chatting,1
logging,1
accounts,1
profiles,1
concrete,1
larger,1
sends,1
categories,1
constraints,1
mvp,1
surely,1
ours,1
community,1
monehs,1
heaps,1
om,1
priority,1
queues,1
animated,1
heap,1
explains,1
brokeb,1
bootstrapdatepicker,1
picker,1
insists,1
displaying,1
ndm,1
socket,1
templates,1
angular,1
classes,1
creation,1
overall,1
scripting,1
scale,1
lumo,1
greenbrown,1
httpiimgurcomgdsajpg,1
timetraveller,1
oriented,1
become,1
wealthy,1
httpswwwyoutubecomwatchvvjwwmfvwcindexlistplxsybcqobtbprdmbhsiftvvtpboyg,1
legs,1
dance,1
motivated,1
alternatives,1
haircut,1
afrihost,1
shell,1
issue,1
workaround,1
dynamics,1
swagcast,1
separating,1
bare,1
minimum,1
calc,1
resorted,1
sticking,1
div,1
bold,1
cluttered,1
experiment,1
baby,1
chromeinspectdevices,1
noticeably,1
deploying,1
contact,1
dashboard,1
brydonleonardbscoza,1
heh,1
httpsiimgurcomgqlecpng,1
brown,1
compiled,1
spud,1
insane,1
posting,1
selfie,1
quoting,1
materialistic,1
posts,1
aware,1
dc,1
paragon,1
explosions,1
stream,1
critting,1
billion,1
rroastme,1
gallery,1
chuckled,1
cringeworthy,1
httpimgurcomgalleryqhypiyz,1
phew,1
apps,1
ssl,1
reverse,1
triangle,1
hoe,1
lasting,1
cute,1
rift,1
pong,1
ping,1
optometrist,1
logo,1
contacted,1
imagining,1
nether,1
baywest,1
converting,1
detect,1
feeding,1
ddd,1
mmm,1
dd,1
yyyy,1
hhmmss,1
gmtzz,1
september,1
converters,1
mask,1
performing,1
currenly,1
re,1
invite,1
awkwardness,1
httpsiimgurcomggwnojpg,1
review,1
updating,1
mclargehuge,1
favorite,1
ahit,1
hockey,1
boost,1
t,1
noboost,1
wet,1
wherever,1
dicing,1
wer,1
eyour,1
high,1
collaborating,1
recovering,1
skate,1
activated,1
wwwnumboxorg,1
atomic,1
radius,1
scrubber,1
http,1
receiving,1
inflationratexml,1
addition,1
scope,1
defined,1
conflicting,1
delimitation,1
xtostringreplacebddg,1
apostrophes,1
spaces,1
countries,1
switzerland,1
apostrophe,1
separators,1
confusino,1
formatted,1
places,1
returns,1
vm,1
visible,1
notepad,1
httpidocogithubiomapchat,1
broadcast,1
eople,1
lightning,1
vsauce,1
distributions,1
straeuli,1
pareto,1
according,1
appeared,1
subscriptions,1
catalog,1
medium,1
offering,1
ownership,1
contract,1
basis,1
fridays,1
brocco,1
spinach,1
editor,1
instances,1
atom,1
themes,1
thoguh,1
hosting,1
tiers,1
mo,1
deployed,1
mongo,1
fwriteresub,1
resubresub,1
written,1
analysed,1
bright,1
