i,2355
the,2212
xd,1999
to,1449
it,1272
a,1080
you,1070
is,885
that,847
and,824
just,729
so,664
of,636
in,594
for,572
its,544
im,528
like,493
but,491
yeah,472
my,468
this,437
on,409
have,399
do,397
be,379
not,360
oh,355
at,346
with,335
what,328
can,318
we,316
now,313
ah,312
if,301
haha,298
was,294
me,291
well,281
dont,276
thats,262
one,259
as,255
how,255
really,252
all,237
p,230
think,228
get,227
know,213
are,206
then,203
no,196
up,185
ya,185
media,182
omitted,182
thing,181
some,179
make,175
your,175
good,174
ill,174
they,173
out,173
about,169
cool,167
see,167
actually,162
more,161
though,160
much,158
an,157
d,156
time,156
or,156
ive,153
too,152
gonna,148
stuff,147
when,147
from,144
only,141
work,139
there,131
go,129
want,129
need,128
lol,127
even,126
use,124
sure,124
did,123
cant,118
them,113
got,112
something,111
doing,104
could,103
been,102
than,100
will,97
right,97
didnt,96
way,96
still,94
why,93
going,93
things,92
better,92
had,91
would,91
nice,91
feel,90
youre,89
after,89
were,88
shit,88
yes,87
does,86
done,85
also,85
hey,82
because,81
same,79
first,79
pretty,79
has,78
working,76
people,76
am,76
looks,76
should,76
works,75
anything,74
new,73
since,73
maybe,72
k,72
idea,71
those,71
problem,71
try,71
any,71
he,71
look,69
game,69
doesnt,69
take,68
dunno,68
seems,68
by,67
put,65
code,64
swag,64
okay,63
other,63
through,63
least,63
say,63
cuz,62
made,61
bad,61
awesome,61
definitely,61
mean,59
long,58
havent,58
always,58
back,58
here,57
must,57
down,57
lot,57
today,56
while,56
used,56
sort,56
check,55
mine,55
over,55
into,55
tell,55
phone,54
makes,53
again,52
day,52
probably,52
everything,52
yet,52
app,52
might,51
weird,51
she,51
r,51
different,50
isnt,50
said,50
bit,50
each,50
find,50
tomorrow,50
theres,50
whats,49
which,48
never,48
wait,48
trying,48
where,48
before,47
itll,47
na,46
come,46
point,45
best,45
literally,44
change,44
wanna,44
being,43
these,43
our,43
theyre,42
apparently,42
last,42
end,42
indeed,42
her,42
id,41
most,41
fine,40
using,40
easier,40
nothing,39
around,39
thought,38
every,38
nah,38
maths,38
their,37
getting,37
hours,37
hmm,37
whoa,36
else,36
email,36
already,36
off,36
function,35
difficult,35
another,35
ever,35
run,35
fun,35
own,35
play,35
wont,35
hm,35
making,35
us,35
anyway,34
understand,34
enough,34
little,34
home,33
jeez,33
next,33
n,33
far,33
having,33
took,32
sounds,32
less,32
games,32
until,32
thanks,32
line,31
quite,31
hate,31
start,31
read,31
him,31
give,31
branch,31
list,31
both,30
sleep,30
two,30
left,30
basically,30
playing,30
youll,30
learn,30
soon,30
number,30
add,30
c,29
casey,29
reason,29
wrong,29
case,29
found,29
guess,28
money,28
data,28
realised,28
able,28
easy,28
ye,28
figure,28
ones,28
question,28
java,28
true,27
type,27
many,27
show,27
such,27
worked,27
otherwise,27
kinda,27
very,27
nope,27
year,27
stats,27
hope,27
may,27
worst,27
string,26
tired,26
ask,26
night,26
sorry,26
went,26
morning,26
name,26
minutes,26
myself,26
wow,26
whole,26
omg,26
site,26
web,25
who,25
super,25
parents,25
everyone,25
update,25
method,25
normal,25
html,24
keep,24
remember,24
help,24
pc,24
create,24
later,24
yehp,24
wasnt,24
eh,24
possible,24
seem,24
changes,24
pivot,24
android,24
xml,24
exactly,23
imagine,23
javascript,23
side,23
once,23
life,23
tried,23
coming,23
based,23
without,23
let,23
sorta,23
event,23
monogame,23
files,23
xamarin,23
guy,22
big,22
watching,22
middle,22
pull,22
part,22
file,22
open,21
holy,21
yiss,21
word,21
send,21
error,21
flat,21
great,21
leave,21
his,21
computer,21
week,21
click,21
interesting,21
server,21
version,21
stokes,21
guys,20
started,20
damn,20
store,20
second,20
looking,20
extra,20
worth,20
place,20
clue,20
goes,20
gotta,20
test,20
theorem,20
button,20
says,20
early,20
pick,20
happy,20
feeling,20
hell,20
power,20
screen,20
alright,20
yesterday,19
thinking,19
value,19
wanted,19
gets,19
completely,19
means,19
coffee,19
write,19
fuck,19
afternoon,19
area,19
pay,19
buy,19
arent,19
level,19
ugh,19
push,19
wra,19
lets,19
video,19
currency,19
project,19
js,19
call,18
called,18
unless,18
set,18
move,18
internet,18
hahaha,18
download,18
couldnt,18
few,18
actual,18
trouble,18
wouldnt,18
load,18
person,18
break,18
told,18
random,18
almost,18
sale,18
sense,18
kk,18
lots,18
between,18
couple,18
hes,18
slightly,18
either,18
greens,18
master,18
css,17
system,17
saw,17
language,17
coding,17
perfect,17
yay,17
sigh,17
learning,17
instead,17
half,17
realise,17
moment,17
x,17
close,17
changed,17
class,17
uses,17
specific,16
love,16
hard,16
taking,16
suppose,16
days,16
someone,16
man,16
quickly,16
questions,16
dat,16
glad,16
important,16
bring,16
online,16
together,16
whatever,16
dad,16
page,16
similar,16
programming,16
integral,16
tbh,15
exercise,15
recursive,15
bed,15
problems,15
theory,15
rest,15
physics,15
path,15
tonight,15
build,15
useful,15
car,15
earlier,15
account,15
keen,15
house,15
prac,15
tutorial,15
sometimes,15
putting,15
date,15
top,15
merge,15
elements,15
tutorials,15
surface,15
object,14
interface,14
gives,14
yuss,14
xna,14
entire,14
yep,14
methods,14
course,14
friends,14
saying,14
worry,14
fixed,14
ok,14
terms,14
proof,14
times,14
hour,14
yeh,14
seen,14
youve,14
forgot,14
loading,14
lucky,14
weeks,14
talk,14
shes,14
believe,14
understanding,14
answer,14
events,14
years,14
ago,14
quick,14
calculator,14
room,14
public,14
curl,14
node,14
git,14
watch,13
happen,13
gave,13
happening,13
becomes,13
finish,13
lists,13
checked,13
monday,13
finding,13
curve,13
talking,13
vector,13
keyboard,13
news,13
table,13
gone,13
spend,13
ty,13
issue,13
ridiculous,13
head,13
away,13
weve,13
whatsapp,13
form,13
access,13
functionality,13
sick,13
downloading,12
wondering,12
draw,12
explain,12
clean,12
late,12
typing,12
multiple,12
message,12
inside,12
fast,12
rather,12
wednesday,12
hold,12
group,12
full,12
previous,12
order,12
study,12
funny,12
studying,12
copy,12
comes,12
text,12
return,12
bugs,12
converter,12
jquery,12
ruby,11
simple,11
although,11
except,11
food,11
runs,11
choose,11
brydon,11
static,11
mostly,11
directly,11
wish,11
generally,11
ag,11
varsity,11
sleeping,11
busy,11
sitting,11
systems,11
free,11
thatll,11
hand,11
finally,11
takes,11
crazy,11
integers,11
fucking,11
coz,11
commit,11
colour,11
chat,11
running,11
source,11
libraries,11
request,11
input,10
functions,10
giving,10
memory,10
constant,10
longer,10
studio,10
needs,10
die,10
objects,10
scared,10
honest,10
original,10
particle,10
added,10
supposed,10
exciting,10
strings,10
cs,10
forget,10
assume,10
casual,10
chance,10
brah,10
feels,10
onto,10
reading,10
thursday,10
real,10
stay,10
friday,10
difference,10
youd,10
bought,10
values,10
asked,10
bank,10
y,10
past,10
th,10
decimal,10
played,10
besides,10
library,10
mom,10
slow,10
bunch,10
conflict,10
brad,10
student,10
scary,10
old,10
yourself,10
sorts,10
magic,10
fix,10
plane,10
default,10
hackathon,10
repo,10
variables,9
struggling,9
straight,9
ez,9
happens,9
flash,9
applied,9
field,9
gradient,9
properly,9
expected,9
following,9
eventually,9
worse,9
bored,9
stuck,9
water,9
algorithm,9
convert,9
strong,9
tho,9
names,9
ts,9
retarded,9
supper,9
u,9
plan,9
ikr,9
body,9
drive,9
dying,9
driving,9
broken,9
option,9
seeing,9
taken,9
lost,9
bag,9
meet,9
sugar,9
latest,9
world,9
content,9
came,9
licence,9
book,9
ways,9
looked,9
given,9
lemme,9
clicked,9
outside,9
weekend,9
neither,9
handler,9
response,9
projects,9
charmain,9
languages,9
confusing,9
chapter,9
pi,9
terrible,9
cache,9
tax,9
somehow,9
f,9
flux,9
torment,9
fit,8
command,8
s,8
aw,8
lag,8
per,8
silly,8
um,8
kept,8
alone,8
nay,8
ideas,8
others,8
textbook,8
luckily,8
live,8
soz,8
zero,8
colours,8
asleep,8
stop,8
starting,8
example,8
seemed,8
complicated,8
mode,8
currently,8
points,8
thread,8
min,8
smaller,8
likely,8
o,8
btw,8
iteration,8
beans,8
available,8
somewhere,8
noice,8
evening,8
allowed,8
doubt,8
lying,8
small,8
white,8
tables,8
due,8
amazing,8
registration,8
emailed,8
cost,8
basic,8
itd,8
possibly,8
situation,8
obv,8
handle,8
leaving,8
non,8
telling,8
aww,8
matter,8
keys,8
lunch,8
pushed,8
link,8
b,8
quiz,8
pls,8
worried,8
slowly,8
proofs,8
figured,8
team,8
loop,8
meh,8
press,8
knows,8
dot,8
folder,8
vs,8
impressive,8
awhile,8
testing,8
pass,8
google,8
fantastic,8
spoke,8
integrals,8
divergence,8
clone,8
hitler,8
express,8
php,7
exists,7
curves,7
none,7
experience,7
writing,7
issues,7
thatd,7
force,7
family,7
lately,7
nd,7
tough,7
favourite,7
product,7
vectors,7
brain,7
fell,7
pack,7
please,7
avoid,7
adding,7
program,7
allows,7
state,7
speed,7
steam,7
recursion,7
hahahaha,7
sent,7
fact,7
meant,7
hear,7
woke,7
sending,7
stress,7
practical,7
certain,7
nvm,7
positive,7
paid,7
shot,7
starts,7
moving,7
slept,7
during,7
huge,7
expect,7
hoping,7
comfortable,7
skills,7
ignore,7
anyone,7
sucks,7
opposite,7
wut,7
building,7
bits,7
walmer,7
sho,7
friend,7
necessary,7
caffeine,7
modules,7
tuesday,7
tut,7
development,7
module,7
semester,7
guild,7
character,7
price,7
amount,7
theyve,7
theyll,7
solution,7
wrc,7
sorted,7
integrate,7
finished,7
efficient,7
numbers,7
parts,7
usually,7
empty,7
absolutely,7
community,7
visual,7
managed,7
window,7
months,7
map,7
impossible,7
spent,7
prize,7
main,7
within,7
counting,7
space,7
whether,7
variable,7
int,7
dunna,7
standard,7
tag,7
pizza,7
automatically,7
ftp,7
format,7
syntax,6
stored,6
become,6
arms,6
advantage,6
energy,6
texture,6
pixel,6
array,6
needed,6
select,6
helps,6
card,6
month,6
bug,6
mind,6
upset,6
cause,6
chilled,6
challenge,6
ai,6
particles,6
mass,6
direction,6
interested,6
planning,6
checking,6
wat,6
grid,6
obviously,6
doubles,6
manage,6
debug,6
general,6
decided,6
binary,6
trust,6
subject,6
school,6
words,6
xzd,6
park,6
granted,6
whenever,6
movie,6
visit,6
town,6
fridays,6
wonder,6
biggest,6
physio,6
mistake,6
expensive,6
health,6
sweg,6
stage,6
quiet,6
results,6
photo,6
bigger,6
tells,6
recently,6
especially,6
website,6
sign,6
backwards,6
smart,6
pain,6
complex,6
parking,6
science,6
t,6
panic,6
element,6
awful,6
tests,6
approach,6
painful,6
swap,6
lower,6
waste,6
badly,6
wouldve,6
details,6
switch,6
itself,6
matt,6
display,6
paper,6
dota,6
nicer,6
beginning,6
noticed,6
integer,6
integration,6
performance,6
var,6
studied,6
exercises,6
written,6
clear,6
lazy,6
barely,6
handlers,6
setting,6
felt,6
post,6
copied,6
updated,6
github,6
features,6
expecting,6
import,6
shouldnt,6
loads,6
bottom,6
productive,6
wants,6
competition,6
algorithms,6
calculations,6
slower,6
missing,6
output,6
built,6
thinks,6
iterations,6
watched,6
parameter,6
series,6
wolfram,6
screens,6
loadshedding,6
reddit,6
patch,6
ios,6
debugging,6
modified,6
listwant,6
threads,6
machine,6
exam,6
javafx,6
action,6
activity,6
manually,6
comments,6
calculate,6
won,6
radix,6
dom,6
branches,6
conflicts,6
deploy,6
deprecated,6
title,6
sublime,6
classes,5
mad,5
productivity,5
defined,5
environment,5
green,5
suddenly,5
gym,5
creatin,5
workout,5
faster,5
affects,5
prefer,5
process,5
present,5
whay,5
storing,5
images,5
goml,5
length,5
mistakes,5
reference,5
centre,5
block,5
anymore,5
stupid,5
stopped,5
turning,5
relevant,5
often,5
info,5
music,5
waiting,5
screw,5
sides,5
correctly,5
size,5
hurr,5
generation,5
forms,5
rd,5
speak,5
bubble,5
selection,5
decision,5
theoretical,5
nervous,5
interview,5
yo,5
tags,5
wise,5
dolla,5
keeps,5
confused,5
shift,5
walk,5
totes,5
reasons,5
care,5
yours,5
wesley,5
xf,5
information,5
allow,5
cash,5
petrol,5
therefore,5
chill,5
door,5
fixing,5
assuming,5
asking,5
forever,5
ice,5
cold,5
til,5
architecture,5
comp,5
hows,5
printed,5
fireblast,5
higher,5
characters,5
poker,5
key,5
squash,5
hopefully,5
wrote,5
round,5
schedule,5
everywhere,5
lie,5
blood,5
wri,5
ours,5
naturally,5
ended,5
lectures,5
feet,5
circle,5
high,5
gamma,5
formula,5
condescending,5
submit,5
focus,5
exist,5
red,5
procrastinating,5
harder,5
section,5
tidy,5
functional,5
throw,5
behind,5
swerg,5
fb,5
infinite,5
massive,5
rate,5
control,5
mouse,5
delegates,5
handling,5
note,5
downloaded,5
bastion,5
unique,5
cluster,5
current,5
becoming,5
enter,5
ready,5
recursively,5
stack,5
choice,5
generate,5
hardest,5
inputs,5
dollar,5
mines,5
graphs,5
gotten,5
counter,5
base,5
mid,5
immediately,5
seperate,5
bucket,5
ground,5
shitty,5
api,5
screenshot,5
windows,5
strange,5
equation,5
equal,5
double,5
immutable,5
cape,5
databases,5
clutter,5
eventhandler,5
scene,5
package,5
servers,5
cheap,5
besiege,5
dell,5
continuity,5
board,5
boundary,5
refund,5
browser,5
codes,5
mac,5
dough,5
script,5
local,5
requests,5
navbar,5
contact,5
jade,5
returns,4
xad,4
exercised,4
python,4
differently,4
rails,4
pool,4
eyes,4
sore,4
paying,4
useless,4
pixels,4
frame,4
fps,4
cray,4
messages,4
plis,4
created,4
count,4
wtf,4
perspective,4
design,4
share,4
hearthstone,4
join,4
season,4
pictures,4
separately,4
brother,4
follow,4
virtual,4
equations,4
dimension,4
cross,4
vid,4
calculation,4
premium,4
singing,4
drop,4
magical,4
under,4
surprised,4
logic,4
planned,4
graph,4
picture,4
promise,4
wasting,4
acceleration,4
tend,4
rules,4
south,4
ooh,4
star,4
whos,4
search,4
solve,4
ring,4
fill,4
sit,4
risk,4
self,4
nmmu,4
hahah,4
remotely,4
dammit,4
american,4
hello,4
insane,4
bills,4
throttling,4
apartment,4
unfortunately,4
biceps,4
continue,4
private,4
weights,4
arrived,4
oi,4
light,4
photos,4
compare,4
opinion,4
shape,4
profile,4
conversation,4
arrive,4
lolwut,4
negative,4
bar,4
plans,4
timing,4
bell,4
ends,4
matthew,4
greyling,4
router,4
ordered,4
drank,4
easiest,4
record,4
shell,4
borderlands,4
bam,4
pracs,4
short,4
groups,4
documentation,4
jason,4
heading,4
legendary,4
dark,4
powers,4
basics,4
wear,4
capacity,4
cleaned,4
rule,4
traffic,4
excite,4
cv,4
ha,4
perfectly,4
stick,4
lack,4
rent,4
massage,4
joint,4
causes,4
steps,4
homework,4
row,4
sets,4
limit,4
doc,4
vanilla,4
conservative,4
coke,4
weirdly,4
plus,4
country,4
stealing,4
shop,4
mark,4
document,4
include,4
assignment,4
headache,4
towards,4
conclusion,4
turn,4
noise,4
happ,4
turns,4
iterate,4
knew,4
heres,4
correct,4
halfway,4
application,4
inequality,4
struggle,4
surfaces,4
desk,4
grumpy,4
sometime,4
death,4
diagram,4
font,4
shapes,4
quality,4
void,4
foreach,4
coordinates,4
support,4
transistor,4
links,4
buying,4
optimisation,4
linked,4
loaded,4
notice,4
tragic,4
multiplayer,4
road,4
heh,4
shows,4
whatnot,4
gui,4
lines,4
swapping,4
preference,4
choosing,4
occurs,4
generated,4
equivalent,4
limited,4
benchmarks,4
chapters,4
figuring,4
remind,4
decoder,4
sel,4
university,4
sunday,4
bounds,4
log,4
werent,4
stand,4
cheaper,4
examples,4
skipped,4
intro,4
coded,4
cartesian,4
shiz,4
gb,4
states,4
opportunity,4
network,4
attack,4
against,4
regular,4
mb,4
sexy,4
textbooks,4
indie,4
touched,4
dx,4
sea,4
company,4
knowing,4
sits,4
nerves,4
remote,4
location,4
interfaces,4
daunting,4
prof,4
consolidated,4
skip,4
learned,4
uneasy,4
crashes,4
helpful,4
efficiency,4
develop,4
touch,4
neighbours,4
effort,4
listwantaddnew,4
serious,4
closer,4
release,4
signed,4
throws,4
screwed,4
wasted,4
xnb,4
address,4
ages,4
chatted,4
afaik,4
volume,4
shirts,4
hair,4
jdk,4
proving,4
netbeans,4
differentiability,4
threading,4
proper,4
ee,4
safe,4
confuses,4
projection,4
origin,4
devs,4
win,4
uploading,4
buggy,4
mah,4
euler,4
derivco,4
crap,4
comfort,4
st,4
including,4
hash,4
technology,4
happened,4
history,4
bitbucket,4
commands,4
considered,4
bs,4
synchronous,4
scripts,4
chrome,4
modals,4
attach,4
stylin,4
native,4
templating,4
regex,4
checks,3
related,3
preworkout,3
messy,3
types,3
enums,3
implemented,3
constants,3
arm,3
beach,3
sun,3
nights,3
lies,3
chest,3
stronger,3
muscles,3
mod,3
died,3
starcraft,3
beautiful,3
polar,3
dynamic,3
helping,3
errors,3
save,3
represents,3
unhealthy,3
spelling,3
children,3
pic,3
solving,3
interest,3
dead,3
hah,3
dangerous,3
complaining,3
bet,3
blizzard,3
released,3
anybody,3
intention,3
skyrim,3
thousands,3
seconds,3
magnetic,3
measure,3
according,3
swing,3
dynamically,3
intend,3
confirm,3
null,3
moves,3
divide,3
position,3
million,3
bass,3
ate,3
shower,3
exercising,3
raise,3
attempted,3
smooth,3
shortest,3
engine,3
concept,3
west,3
boring,3
separate,3
sentence,3
special,3
mae,3
offset,3
pentagon,3
initially,3
drawing,3
reply,3
obvs,3
evidently,3
eat,3
usual,3
bursary,3
average,3
easily,3
concepts,3
scientists,3
ong,3
horrible,3
god,3
hik,3
greater,3
rolling,3
wage,3
tips,3
theoretically,3
drops,3
teh,3
dentist,3
waking,3
alarm,3
bra,3
scrub,3
hornet,3
front,3
drink,3
brothers,3
spending,3
proud,3
immediate,3
muscle,3
girls,3
liked,3
wine,3
em,3
recall,3
hasnt,3
silver,3
linings,3
yebo,3
rough,3
bud,3
callans,3
wp,3
logically,3
register,3
stat,3
staff,3
mantissa,3
exponent,3
etc,3
normally,3
cheese,3
moved,3
somebody,3
fire,3
step,3
view,3
l,3
dropped,3
pretend,3
period,3
core,3
cancelled,3
sorting,3
fetch,3
bards,3
quest,3
jump,3
involved,3
josh,3
invited,3
social,3
mage,3
casually,3
enchanting,3
player,3
box,3
mana,3
regen,3
hit,3
forward,3
golden,3
fighting,3
install,3
match,3
broke,3
relationship,3
distraction,3
ashleys,3
forgotten,3
excuse,3
books,3
lied,3
shall,3
teaching,3
anywhere,3
hurt,3
hurts,3
specify,3
legs,3
sweating,3
renegades,3
thay,3
doctor,3
low,3
recommended,3
boxes,3
tb,3
max,3
incredible,3
cook,3
pro,3
surprisingly,3
pm,3
twitch,3
students,3
final,3
choir,3
sardinia,3
statement,3
shops,3
unfortunate,3
pushing,3
sister,3
fingers,3
decrease,3
cable,3
camera,3
impressed,3
cell,3
newcell,3
forgetting,3
submitted,3
density,3
practically,3
honestly,3
talks,3
irritated,3
shame,3
callan,3
defense,3
mechanism,3
lose,3
lift,3
birthday,3
clicking,3
closed,3
symbol,3
computers,3
moodle,3
everyones,3
cells,3
excited,3
dictionary,3
graphics,3
priority,3
pointing,3
compile,3
exceptionally,3
falling,3
nerd,3
cubed,3
videos,3
youtube,3
suggested,3
zone,3
lightning,3
meaning,3
theyd,3
saturday,3
cover,3
marks,3
rendering,3
draws,3
passed,3
opengl,3
depending,3
sarcasm,3
programmer,3
ability,3
living,3
includes,3
g,3
loops,3
developed,3
exe,3
puzzle,3
practice,3
dropbox,3
camdon,3
irritating,3
nowhere,3
thank,3
black,3
paint,3
clusters,3
implementation,3
progress,3
division,3
seriously,3
struggles,3
effect,3
trip,3
receiving,3
amilcar,3
software,3
dam,3
ridiculously,3
depth,3
electricity,3
closing,3
korbitec,3
uncomfortable,3
stressing,3
refresh,3
menu,3
switching,3
wifi,3
minute,3
shedding,3
brackets,3
overflow,3
reversed,3
unlikely,3
depends,3
affect,3
interpret,3
passing,3
advanced,3
breeze,3
repetitive,3
contours,3
asks,3
xy,3
moments,3
selector,3
chooses,3
circuits,3
simpler,3
previously,3
bundle,3
purchase,3
performing,3
nonunique,3
constantly,3
ms,3
linear,3
across,3
resolution,3
fake,3
distribution,3
sum,3
shadow,3
mordor,3
sales,3
digit,3
subreddit,3
simulation,3
browsing,3
provide,3
typed,3
rotating,3
feature,3
passion,3
scc,3
defend,3
phones,3
emulators,3
frozen,3
ftl,3
laid,3
plug,3
awake,3
exchange,3
rates,3
framework,3
inheritance,3
unnecessary,3
linux,3
port,3
da,3
modifying,3
controls,3
label,3
bullshit,3
opinions,3
companies,3
shouldve,3
discrimination,3
e,3
json,3
introduced,3
deployment,3
trial,3
launch,3
password,3
apk,3
directory,3
bin,3
conversion,3
derive,3
pipeline,3
newtons,3
bare,3
minimum,3
oop,3
machines,3
dictionaries,3
heard,3
occassionally,3
structure,3
collared,3
continuous,3
inequalities,3
jacobian,3
awt,3
fx,3
console,3
sunless,3
rpg,3
scenes,3
ugly,3
designer,3
chair,3
eclipse,3
batman,3
se,3
oracle,3
enjoy,3
freedom,3
packing,3
wheres,3
ddd,3
rt,3
updates,3
multiplying,3
theorems,3
parameterization,3
wed,3
disk,3
statements,3
seperately,3
oriented,3
dosag,3
hers,3
net,3
nodes,3
verify,3
projecting,3
along,3
credit,3
phaser,3
notification,3
quicker,3
das,3
tastes,3
bru,3
kim,3
straueli,3
restarting,3
scale,3
competitiveness,3
improve,3
multiplier,3
literal,3
saving,3
todo,3
worries,3
cmd,3
commits,3
gitignore,3
buttons,3
description,3
automator,3
domain,3
ftpautomator,3
stressful,3
hacky,3
waus,3
stash,3
occurred,3
refreshing,3
config,3
woah,3
produce,3
eg,3
anchors,3
callback,3
ln,3
notifications,3
proposal,3
apps,3
npm,3
angular,3
commas,3
dates,3
innerhtml,3
rift,3
pong,3
optometrist,3
apostrophes,3
numbox,3
arbitrary,2
spaceship,2
symbols,2
swim,2
supports,2
four,2
shoulders,2
breaking,2
arma,2
aim,2
color,2
textures,2
attached,2
recreate,2
cycle,2
dayd,2
accidentally,2
bro,2
instances,2
afterwards,2
showing,2
reminded,2
possibilities,2
techniques,2
ultra,2
tubes,2
backs,2
blitting,2
requires,2
employ,2
christmas,2
patching,2
mapm,2
helped,2
spectrometer,2
utilise,2
axis,2
ecastle,2
wildly,2
mathematically,2
followed,2
purdy,2
displaying,2
hadnt,2
comprehend,2
darker,2
art,2
calling,2
loadcontent,2
catch,2
cpu,2
intensive,2
stays,2
church,2
chords,2
burn,2
migraine,2
sad,2
wikipedia,2
translate,2
bezier,2
cubic,2
movement,2
near,2
shorter,2
finds,2
tile,2
poc,2
north,2
receive,2
rounding,2
calculated,2
simultaneously,2
concentration,2
tiago,2
angle,2
square,2
nowadays,2
accident,2
ears,2
extension,2
objective,2
mesh,2
appointment,2
neck,2
spells,2
mit,2
hahahah,2
lolnope,2
heart,2
taught,2
research,2
job,2
zz,2
climbed,2
heat,2
poes,2
hom,2
term,2
alive,2
hungry,2
fat,2
whatcha,2
hosts,2
coppa,2
begin,2
modem,2
dropping,2
ping,2
csgo,2
shh,2
considering,2
v,2
truth,2
thursdays,2
crying,2
leg,2
triggers,2
routine,2
yoga,2
whirlwind,2
tornado,2
samurai,2
duck,2
ups,2
pricey,2
components,2
specified,2
psu,2
kg,2
increase,2
monkey,2
annoyed,2
girl,2
excellent,2
uh,2
seat,2
xx,2
sed,2
drinks,2
turned,2
weirdest,2
matters,2
excluding,2
hourly,2
cab,2
reinforcement,2
vital,2
telkom,2
helloo,2
dedicated,2
illogical,2
dis,2
que,2
popping,2
fak,2
annoying,2
payment,2
requiring,2
alu,2
iirc,2
addition,2
soo,2
litre,2
clarity,2
ish,2
picking,2
style,2
eating,2
avoiding,2
nono,2
goodnight,2
reminds,2
iced,2
instant,2
tiny,2
weaker,2
lecture,2
attend,2
packed,2
orientation,2
hardware,2
abstraction,2
comparison,2
popular,2
requirements,2
models,2
kitchen,2
mood,2
fee,2
discs,2
evil,2
brotherhood,2
playthrough,2
chains,2
skill,2
ahead,2
legendaries,2
picked,2
increases,2
weight,2
rid,2
brilliant,2
hood,2
compulsory,2
feeding,2
technically,2
chilling,2
cd,2
cheat,2
meeting,2
pokr,2
shoes,2
sports,2
adventure,2
injustice,2
gods,2
among,2
cut,2
friendship,2
offer,2
shout,2
clothes,2
organise,2
pants,2
alex,2
potentially,2
voswagguberry,2
slogan,2
fires,2
firetrucks,2
cancer,2
oxygen,2
al,2
sewer,2
joburg,2
renegade,2
incorporate,2
kills,2
squat,2
cramp,2
fall,2
curls,2
iron,2
injection,2
carbs,2
juice,2
jelly,2
hahahahaha,2
essence,2
imagining,2
mechanical,2
slaughtered,2
lame,2
taste,2
dust,2
battery,2
included,2
fly,2
flag,2
chinos,2
options,2
losing,2
february,2
packet,2
holding,2
wherever,2
wpm,2
thus,2
removed,2
desktop,2
cellphone,2
allocation,2
trick,2
letter,2
references,2
replace,2
bothered,2
pisses,2
sarah,2
attended,2
clearly,2
treated,2
invite,2
paragraphs,2
himself,2
loss,2
admirable,2
goal,2
hated,2
handled,2
became,2
concerned,2
fail,2
spectacularly,2
spends,2
several,2
tangible,2
wheel,2
causing,2
occasionally,2
shirt,2
bradley,2
laugh,2
lives,2
parked,2
noodle,2
session,2
exempt,2
smells,2
cargo,2
shed,2
atm,2
instantiate,2
players,2
referencing,2
enumerators,2
arrays,2
connection,2
enumerator,2
indexing,2
fucked,2
incorrect,2
answers,2
checkboxes,2
chain,2
ded,2
gate,2
zerg,2
rush,2
asian,2
korea,2
bookshelf,2
rain,2
terrifying,2
ran,2
cables,2
directions,2
charges,2
foh,2
saves,2
suited,2
spot,2
whatev,2
slides,2
studies,2
covered,2
nap,2
loving,2
reproduce,2
reach,2
admitted,2
insecure,2
motivation,2
shocked,2
irony,2
condescension,2
defensive,2
admitting,2
constructive,2
newcolor,2
changeadjacent,2
inferiority,2
dots,2
three,2
enum,2
identical,2
supported,2
newer,2
ftw,2
dev,2
ps,2
platforms,2
maek,2
unlike,2
uploaded,2
described,2
mgcb,2
tool,2
brandy,2
ima,2
blew,2
terrain,2
reversi,2
pieces,2
tiles,2
scrolling,2
lodge,2
floating,2
matrix,2
root,2
matrices,2
calls,2
contacts,2
improvement,2
complain,2
flooded,2
industrial,2
district,2
flight,2
sim,2
simulated,2
bags,2
spar,2
sell,2
settlers,2
tabletop,2
brads,2
scanned,2
paste,2
johburg,2
wolfenstein,2
worthwhile,2
guis,2
eskom,2
gg,2
adapt,2
powerful,2
fewer,2
leads,2
cases,2
ease,2
converts,2
capabilities,2
intense,2
cpus,2
jumps,2
soup,2
designed,2
query,2
hokay,2
beyond,2
relief,2
revision,2
fxy,2
intuitive,2
z,2
outputs,2
places,2
larger,2
electrical,2
ripple,2
paypal,2
rand,2
holiday,2
phils,2
mill,2
predetermined,2
ticks,2
visible,2
randomly,2
positions,2
idiot,2
takling,2
misunderstanding,2
managing,2
appreciate,2
sublist,2
resolve,2
skillz,2
approximately,2
carried,2
smell,2
goor,2
commitment,2
weed,2
cooler,2
entries,2
respond,2
couldve,2
entrance,2
lunchtime,2
distributed,2
huh,2
enjoying,2
framerate,2
corner,2
report,2
abstract,2
scroll,2
cylindrical,2
noone,2
puts,2
pops,2
coola,2
kevin,2
taht,2
disappear,2
installer,2
combined,2
rgamedesign,2
collisions,2
learnt,2
survive,2
walking,2
af,2
clunky,2
wel,2
gaming,2
ips,2
networking,2
active,2
personal,2
cars,2
damage,2
known,2
declaration,2
ide,2
steal,2
pink,2
cares,2
upload,2
apply,2
filters,2
acc,2
drives,2
instructions,2
retype,2
range,2
large,2
reasonably,2
marked,2
transparency,2
aero,2
decide,2
marginally,2
theme,2
forums,2
fully,2
fedora,2
installed,2
themselves,2
dy,2
qxpy,2
africa,2
neighbour,2
cannot,2
lolol,2
suing,2
internets,2
protected,2
brief,2
mobile,2
mono,2
older,2
internally,2
presets,2
modify,2
avoided,2
xmlreader,2
deserialiser,2
revising,2
dashes,2
resource,2
manager,2
breakpoints,2
crashed,2
entirely,2
song,2
hulle,2
age,2
unrelated,2
monsanto,2
farmers,2
crops,2
external,2
organic,2
sue,2
catches,2
article,2
emotional,2
gmo,2
quote,2
sold,2
billion,2
march,2
agaist,2
males,2
todat,2
wantexclusivity,2
wantnotdiscrimination,2
twitter,2
entellect,2
debugger,2
permissions,2
verlet,2
slicker,2
xnbs,2
solves,2
mathpow,2
domagic,2
wrapping,2
official,2
tackle,2
speaking,2
business,2
samsung,2
convoluted,2
particular,2
semipseudo,2
nikki,2
accommodation,2
ct,2
sound,2
brush,2
gots,2
preferred,2
obvious,2
exams,2
suggestion,2
satan,2
exact,2
tons,2
bounded,2
univariate,2
transform,2
handed,2
applications,2
dialog,2
story,2
roguelike,2
roguelikes,2
assets,2
unloads,2
assessed,2
quantity,2
implement,2
closes,2
contents,2
activities,2
intents,2
english,2
dos,2
gosh,2
instance,2
override,2
templates,2
hinting,2
ui,2
changing,2
standards,2
named,2
aci,2
borderline,2
scripting,2
summer,2
budget,2
websites,2
docs,2
businesses,2
langauge,2
spin,2
bay,2
starbound,2
generalised,2
disgusting,2
saved,2
thee,2
split,2
regions,2
circulation,2
evaluate,2
nicely,2
multiplied,2
scalar,2
alternative,2
frt,2
prove,2
ito,2
notation,2
region,2
intrinsically,2
purpose,2
paraboloid,2
flip,2
describe,2
essentially,2
center,2
truly,2
valid,2
loves,2
specifically,2
backups,2
wings,2
gears,2
singles,2
calculating,2
hat,2
planes,2
partials,2
crossed,2
explains,2
dotting,2
parameterise,2
relieved,2
abuse,2
consider,2
snapping,2
waited,2
stingy,2
deliver,2
notch,2
meatboyguy,2
registered,2
august,2
canvas,2
solutions,2
remove,2
rotation,2
screwing,2
keeping,2
familiar,2
majority,2
haircut,2
internships,2
coolio,2
mcd,2
kind,2
typescript,2
joined,2
yusss,2
getat,2
comfortably,2
grows,2
laptop,2
sized,2
hands,2
cooptional,2
lemon,2
creams,2
harm,2
actively,2
rooibos,2
pesticide,2
saws,2
animation,2
unreliable,2
host,2
opportunities,2
stairs,2
cocoonjs,2
circles,2
solved,2
deserve,2
bread,2
overpriced,2
levels,2
zones,2
duplicate,2
prizes,2
johannesburg,2
overall,2
ccd,2
confirmed,2
contains,2
queue,2
inverted,2
staying,2
extremely,2
xmlhttprequest,2
false,2
forvar,2
item,2
luck,2
objprop,2
hashes,2
showed,2
usa,2
skimmed,2
bscoza,2
tasks,2
unsafe,2
protocol,2
bootstrap,2
percentage,2
tricky,2
implementing,2
browsers,2
attributes,2
extent,2
inflation,2
satisfying,2
brilling,2
repos,2
currencies,2
sub,2
committing,2
initial,2
hang,2
mess,2
temp,2
bsod,2
amd,2
merged,2
reviewer,2
branching,2
merging,2
track,2
pulling,2
cleaning,2
arrow,2
consistent,2
formatting,2
index,2
coo,2
arguments,2
selecting,2
correction,2
qr,2
channel,2
converting,2
digits,2
modularising,2
decimals,2
auto,2
header,2
asynchronously,2
warning,2
returning,2
future,2
dependent,2
aws,2
crate,2
hostage,2
grahams,2
complexes,2
reaction,2
distress,2
sympathise,2
difficulty,2
blender,2
react,2
confuse,2
confidence,2
interval,2
nodejs,2
poor,2
countries,2
viable,2
safety,2
ludei,2
logging,2
facebook,2
accounts,2
sends,2
shared,2
constraints,2
nextdoor,2
heaps,2
queues,2
tsk,2
socketio,2
mongo,2
mongodb,2
div,2
scheme,2
baby,2
cordova,2
glow,2
textcontent,2
aware,2
wizard,2
monk,2
mil,2
crits,2
diablo,2
contacted,2
amobia,2
gmt,2
mmm,2
dd,2
yyyy,2
hhmmss,2
dicing,2
usefullinksxml,2
comma,2
badass,2
existsit,1
willy,1
nilly,1
similarly,1
stabilises,1
personified,1
chuck,1
aspnet,1
remain,1
throughout,1
cose,1
aptana,1
swam,1
radioactive,1
goo,1
famdamily,1
daily,1
wrecked,1
pushups,1
tricep,1
joints,1
altis,1
fermats,1
spiral,1
bmp,1
textured,1
editing,1
graphicsdevice,1
assign,1
pers,1
cycles,1
idgaf,1
recursing,1
parent,1
splain,1
byrrroooon,1
sticks,1
settings,1
retry,1
defos,1
improvements,1
endi,1
horribly,1
dirbxd,1
pipes,1
hurting,1
ofak,1
dragging,1
latey,1
toobz,1
context,1
gem,1
seasons,1
gnomes,1
rational,1
irrationally,1
deleted,1
pathing,1
collisionpath,1
spread,1
placr,1
pace,1
lolnoped,1
electric,1
fields,1
charged,1
virtually,1
detector,1
flipped,1
velocity,1
charge,1
collide,1
measured,1
teeth,1
lorentz,1
law,1
millions,1
blit,1
ol,1
colloquial,1
bish,1
travels,1
accelerates,1
intentionally,1
splaining,1
container,1
initialising,1
nan,1
accelerated,1
sinunulates,1
fs,1
norm,1
sparkle,1
frienderino,1
rehearsal,1
lasted,1
lonk,1
acoustic,1
plucking,1
tune,1
howmanypullupstho,1
vision,1
blur,1
holds,1
appointments,1
tgat,1
cod,1
spirits,1
elite,1
exo,1
simplest,1
recurse,1
tilebased,1
obstacles,1
zigzags,1
gamestop,1
individual,1
momentum,1
walls,1
overshoot,1
east,1
tilepixel,1
unavoidable,1
decreasing,1
simulating,1
explained,1
uncertain,1
sleepy,1
absorb,1
tested,1
baroque,1
classical,1
dafuq,1
tchebyshev,1
pathfinding,1
normalized,1
men,1
womenp,1
il,1
spidar,1
pathfinder,1
stars,1
burger,1
vertices,1
inner,1
forced,1
starfish,1
optimized,1
insert,1
orientated,1
upwards,1
insertion,1
poubt,1
sis,1
floats,1
hry,1
teamspeak,1
replies,1
accidents,1
pointed,1
cursor,1
construct,1
fastest,1
luckiest,1
emote,1
co,1
violently,1
awoken,1
durr,1
navmesh,1
execution,1
ridonculously,1
mensa,1
breathe,1
dual,1
wielding,1
destruction,1
funds,1
bogo,1
inefficient,1
choixe,1
beating,1
uncertainty,1
marketable,1
physicist,1
simulations,1
realising,1
vids,1
vague,1
overseas,1
courses,1
enrichment,1
phonecalls,1
crush,1
hoi,1
hii,1
drunk,1
nailed,1
recovery,1
grammarnazimasterrace,1
nazimasterrace,1
aryanmasterrace,1
byron,1
nigels,1
nigel,1
watta,1
wys,1
vir,1
slaan,1
derogatory,1
akbar,1
certainty,1
likewise,1
xcvzcvd,1
xhuutdssedfgbnkoiyfefvgesd,1
typos,1
pork,1
sausages,1
deserved,1
fats,1
ta,1
earnings,1
rph,1
minus,1
mike,1
waiter,1
cents,1
newxd,1
thoughted,1
hav,1
overslept,1
dipping,1
slowing,1
technician,1
ermgerdhdhrog,1
sells,1
shut,1
shat,1
shrtllert,1
dhdhsydifhd,1
begged,1
giff,1
lotr,1
interwebz,1
towed,1
parkings,1
tow,1
km,1
jog,1
somotivated,1
wake,1
malfunctioning,1
tense,1
migraines,1
stretches,1
salutation,1
panting,1
dog,1
griddled,1
toast,1
landed,1
pole,1
signbxd,1
embarrassed,1
swoler,1
tiredness,1
tub,1
risks,1
drinking,1
kidney,1
stones,1
amaze,1
jesus,1
semi,1
modular,1
weigh,1
heavy,1
heavier,1
gainz,1
ox,1
carboload,1
servings,1
niks,1
brea,1
deceive,1
fair,1
steroid,1
balloon,1
woulda,1
thunk,1
luckier,1
shy,1
dull,1
successful,1
xsd,1
brought,1
kthxbye,1
ktybi,1
repeatedly,1
waitering,1
perhaps,1
afternoonevening,1
tad,1
notatallistoomuch,1
thatshowmuchiam,1
ell,1
stolen,1
rang,1
insured,1
upgrade,1
apartments,1
declined,1
initiative,1
fees,1
floor,1
exhausted,1
afternoonish,1
brining,1
costume,1
hunters,1
deposited,1
hurrr,1
toilet,1
harrow,1
surfing,1
sport,1
keadt,1
float,1
floater,1
reciprocated,1
belive,1
resulting,1
chappy,1
loneliness,1
relationships,1
feelz,1
deny,1
feelings,1
ammachine,1
exceptnotstrong,1
iamrobot,1
willsmith,1
jadensmith,1
theotheronewhipshairbackandforth,1
peseta,1
nohablo,1
dondeestalabiblioteca,1
ahnyonghaseyo,1
korean,1
nownow,1
serioud,1
prerequisite,1
admin,1
multimedia,1
wschoolsorg,1
ensures,1
detrimental,1
justified,1
outta,1
domains,1
counts,1
invert,1
nonzero,1
subtraction,1
swug,1
swog,1
chilli,1
poppers,1
hot,1
mouth,1
icanteven,1
pepers,1
jalapeno,1
clarify,1
shaun,1
popper,1
milk,1
housewarming,1
braai,1
byob,1
haddon,1
hall,1
blackpool,1
street,1
summerstrand,1
gimme,1
yr,1
cabaret,1
neighbourhood,1
savoy,1
cutlery,1
methinks,1
beret,1
hed,1
listen,1
pendulum,1
mix,1
spoons,1
boiling,1
dissolves,1
dump,1
amend,1
amendments,1
timetable,1
woman,1
mondays,1
wednesdays,1
letters,1
duplicates,1
optional,1
thoug,1
attending,1
motivating,1
sci,1
outliner,1
however,1
arithmetic,1
fpu,1
methodologies,1
restaurant,1
pending,1
orders,1
generator,1
shoulda,1
shitting,1
confrontation,1
bothering,1
mugg,1
bean,1
campus,1
acceptable,1
jewellery,1
thief,1
linearity,1
blade,1
thiefs,1
consciously,1
distracts,1
alcohols,1
regard,1
answered,1
committal,1
disappointing,1
pounding,1
bode,1
breaks,1
ricoffy,1
cappuccino,1
rendezvous,1
focusing,1
thieves,1
wrist,1
archmage,1
robes,1
weapons,1
hidden,1
outfit,1
potions,1
enchant,1
carrying,1
chic,1
barrel,1
nightingale,1
decreases,1
illusion,1
casting,1
fuckit,1
werewolves,1
naa,1
dmgs,1
blasphemy,1
hail,1
vampire,1
overrated,1
werewolf,1
eatlier,1
dobsomething,1
cashmoney,1
lighthouse,1
noways,1
embarrassing,1
tickets,1
pleasure,1
pbt,1
caps,1
willing,1
total,1
detective,1
bleed,1
xbox,1
offered,1
closure,1
gains,1
joke,1
distract,1
realistic,1
brooding,1
ton,1
racquet,1
shorts,1
shouted,1
ambassador,1
tape,1
swaggytape,1
voswaggubary,1
telkoms,1
kalahari,1
mrsuicidesheep,1
playlist,1
milky,1
remix,1
awks,1
roommate,1
loljk,1
magnesium,1
oil,1
ache,1
raskshittyscience,1
patients,1
breathed,1
breathing,1
probability,1
determination,1
yayay,1
induction,1
stance,1
dumbell,1
reps,1
squatting,1
goblet,1
lateral,1
piktchas,1
dumbells,1
balance,1
single,1
deadlifts,1
wore,1
inn,1
warms,1
severity,1
workouts,1
shaking,1
ab,1
weakling,1
bicep,1
alternate,1
pullups,1
tablets,1
breakfast,1
above,1
provitas,1
matts,1
tester,1
diabetic,1
le,1
intensifies,1
tea,1
indeee,1
legal,1
league,1
lethal,1
lawyers,1
smashing,1
briefcases,1
maximum,1
crapped,1
swear,1
loud,1
louder,1
familys,1
cyanide,1
insist,1
catastrophic,1
corrected,1
acid,1
yum,1
cashing,1
motherboard,1
bews,1
autocorrelation,1
doeant,1
cathartic,1
pe,1
patriotism,1
disregarded,1
wishes,1
maintain,1
plays,1
halo,1
dear,1
notetoday,1
programmes,1
stole,1
disappeared,1
secluded,1
agreeing,1
sundowners,1
cellphones,1
wallets,1
finer,1
backpace,1
stabiliser,1
spring,1
typist,1
blues,1
consistently,1
ashley,1
walker,1
liquor,1
transporting,1
complaints,1
stabilised,1
gloves,1
emailing,1
charmaine,1
gaem,1
extend,1
nonetheless,1
eventhink,1
faced,1
estate,1
hahahaa,1
pirated,1
whatevs,1
pirating,1
explodes,1
celllinkvalue,1
linknext,1
linksetvaluenewitem,1
linksetnextnewcell,1
refernece,1
pointers,1
neat,1
capital,1
memorising,1
primitive,1
aha,1
layer,1
hence,1
replacement,1
realisation,1
portal,1
visio,1
possess,1
hin,1
bullwhip,1
honesty,1
respect,1
girlfriend,1
hook,1
forgive,1
holidays,1
prick,1
excuses,1
pretended,1
received,1
launches,1
notafuk,1
destroy,1
hypocritical,1
hilarious,1
worn,1
ranting,1
distances,1
themself,1
aiming,1
surround,1
awfully,1
bitter,1
fault,1
flaw,1
personality,1
distraught,1
decent,1
jealousy,1
third,1
gently,1
softness,1
disappointed,1
selfcontent,1
appreciated,1
subconscious,1
aggrrssion,1
suspected,1
aggression,1
lolwat,1
cocky,1
wearing,1
sex,1
dies,1
hunger,1
recorded,1
errands,1
switches,1
ssdless,1
repost,1
tin,1
foil,1
heyyy,1
inappropriately,1
placed,1
ridiculousness,1
timr,1
racket,1
shortly,1
pad,1
caseys,1
pen,1
rung,1
alpha,1
troublesome,1
require,1
uhm,1
mught,1
transcribing,1
plox,1
addbefore,1
scenario,1
averages,1
wrecking,1
disconnected,1
reconnect,1
blue,1
instantiated,1
enuerator,1
enumerables,1
relate,1
episode,1
vok,1
weet,1
naming,1
conventions,1
believes,1
misusing,1
justifiable,1
finite,1
logical,1
struggled,1
philosophy,1
highlighted,1
runtime,1
revisin,1
whiteboard,1
toned,1
forearms,1
forearm,1
quantifying,1
dificult,1
quantify,1
percent,1
complete,1
lore,1
booles,1
fourth,1
ch,1
tuts,1
stare,1
staring,1
httpmynoisenetnoisemachinescaferestaurantnoisegeneratorphp,1
concentrate,1
dv,1
clasutrophobic,1
claustrophobic,1
sentimentality,1
stronk,1
gifts,1
binaural,1
beats,1
filing,1
papers,1
cupboards,1
throwing,1
frugal,1
utalitarianism,1
frugalism,1
hording,1
irrational,1
hoarding,1
hordeing,1
warcraft,1
verb,1
spawning,1
horde,1
creatures,1
orcs,1
races,1
fundamental,1
reaallly,1
undercover,1
shhh,1
ambient,1
nuclear,1
fallout,1
frequencies,1
soothing,1
thunder,1
sooth,1
soothed,1
sligthly,1
mentioned,1
skinny,1
concede,1
lolzies,1
lanes,1
units,1
minature,1
animate,1
httpimgurcomaansp,1
mounted,1
displayed,1
conquer,1
lo,1
narratives,1
wil,1
tehy,1
diane,1
pathological,1
cowleys,1
emails,1
rts,1
cutesy,1
opened,1
trails,1
limiting,1
ohnowait,1
variablesmethods,1
totalbiscuit,1
streaming,1
mech,1
bejeweled,1
positon,1
whati,1
topics,1
flaws,1
delay,1
eventhandlers,1
dispatchevents,1
christ,1
guitar,1
frets,1
occasions,1
envy,1
assumed,1
stressed,1
esteem,1
excelling,1
shaky,1
brings,1
perceive,1
perceived,1
experiences,1
innately,1
sensitive,1
natural,1
mentality,1
onward,1
slowness,1
vengeance,1
alter,1
ego,1
thist,1
peter,1
changecolourcolor,1
bool,1
foreachposition,1
pos,1
enumgetvaluestypeofposition,1
adjacentposchanged,1
adjacentposchangecolournewcolor,1
changecolour,1
adjacent,1
rrg,1
rgg,1
brr,1
unwrap,1
typeof,1
enumgetvalues,1
interwebs,1
sfml,1
confusion,1
monagame,1
microsoft,1
endorsed,1
legit,1
recognise,1
fez,1
directx,1
whatwhat,1
firs,1
tplace,1
widespread,1
thar,1
blows,1
moh,1
powa,1
lern,1
deh,1
preti,1
tins,1
dem,1
assemblies,1
dlls,1
aleays,1
gane,1
laze,1
reinstalling,1
camden,1
effects,1
autocorrected,1
spell,1
battlenet,1
camdonnet,1
condomnet,1
umm,1
hahahahahaha,1
admit,1
edit,1
longest,1
contentmanagrr,1
fuggin,1
liars,1
loadsa,1
edges,1
cellsize,1
floaters,1
cliffs,1
unintentional,1
additions,1
thinf,1
starfield,1
trig,1
candlelight,1
opponents,1
drew,1
loos,1
deletes,1
lagging,1
cried,1
guest,1
slippy,1
sloppy,1
exploded,1
vertical,1
capped,1
horizontal,1
planet,1
blocks,1
letting,1
stew,1
approaching,1
stencil,1
implying,1
rhour,1
afk,1
partake,1
mis,1
relearning,1
molehill,1
stayed,1
cities,1
mods,1
modding,1
extreme,1
city,1
congestion,1
evrything,1
roads,1
railways,1
airports,1
agriculture,1
mining,1
housing,1
commerce,1
garbage,1
sewage,1
police,1
importsexports,1
kragga,1
kamma,1
catan,1
boardgames,1
fuckin,1
doubted,1
glhf,1
grown,1
fown,1
hurrrr,1
bradleys,1
relating,1
brag,1
sheet,1
modest,1
bragging,1
misplaced,1
matric,1
ily,1
rynhardt,1
timelines,1
campaigns,1
surprise,1
gta,1
httpchallengeentelectcozainfo,1
shortage,1
enetelect,1
iut,1
tower,1
hanoi,1
delegate,1
assignments,1
somewhat,1
cake,1
suggest,1
respects,1
quicksorts,1
horrendously,1
predictable,1
omgomgomgomg,1
ongomgkmg,1
workaroudns,1
adsl,1
splash,1
curly,1
whitespace,1
redid,1
splits,1
visualise,1
closely,1
chose,1
whoever,1
lead,1
indeterminate,1
swaps,1
occur,1
ascending,1
descending,1
comparisons,1
httpimgurcomyuhgbcw,1
criteria,1
interpretation,1
steing,1
deep,1
beforehand,1
recoding,1
overflows,1
multithreading,1
exporting,1
cores,1
somethinf,1
thoroughly,1
rape,1
fractured,1
province,1
benchmarking,1
spreadsheets,1
allocated,1
clock,1
gift,1
partial,1
nifty,1
simply,1
httpimgurcomndipvzdwqjvhrnwxagjdeljggbh,1
temperamental,1
ectremum,1
ahahaha,1
uhh,1
explanation,1
shoddy,1
nandtetris,1
multibit,1
decoders,1
demultiplexors,1
whereas,1
marrage,1
barrage,1
adders,1
lifts,1
httpwwwbundlestarscomallbundlesindielegendsbundle,1
httpwwwbundlestarscomstoretabletopsimulatorpack,1
monaco,1
speedrunners,1
steep,1
bargain,1
deals,1
rayman,1
meantime,1
ph,1
predrinks,1
phil,1
dgaf,1
discussed,1
unfair,1
asians,1
pyjamas,1
socks,1
slops,1
midvalued,1
infrequently,1
milliseconds,1
chosen,1
trend,1
averaging,1
remade,1
distrinct,1
factor,1
clarfiy,1
accusing,1
overreacting,1
upsets,1
sane,1
serial,1
stops,1
kinds,1
blowup,1
acting,1
disparity,1
cigarettes,1
smoke,1
imitation,1
sisters,1
grease,1
lit,1
argue,1
gooooooorrrrr,1
aunt,1
uncle,1
agree,1
mechatronics,1
driven,1
pres,1
brebner,1
pinch,1
soin,1
pinash,1
brandewyn,1
lan,1
abilities,1
runner,1
keyboards,1
controllers,1
scores,1
hearthstobe,1
responded,1
rounds,1
quests,1
unstable,1
lanning,1
somethings,1
questionnaire,1
workshops,1
workshop,1
poisson,1
suspicious,1
tends,1
wolframalpha,1
tending,1
infinity,1
exponential,1
variance,1
riskreward,1
sprite,1
webwhatsapp,1
shadowplay,1
procedure,1
aways,1
lastly,1
mental,1
nuuvem,1
goty,1
dlc,1
prices,1
ands,1
gates,1
httpimgurcomgalleryikze,1
circuitssigned,1
representation,1
adder,1
guacamelee,1
fringe,1
findwordstring,1
dictionarycount,1
dictionarymid,1
dictionarymidcomparetoword,1
stringcompareto,1
fucks,1
human,1
juju,1
stared,1
concern,1
adjust,1
nevermind,1
wort,1
twenty,1
nine,1
recordings,1
sharepoint,1
wrcprac,1
addresses,1
kevinnaudenmmuacza,1
nothingness,1
wai,1
rude,1
academic,1
certified,1
blatantly,1
ripped,1
certify,1
son,1
scan,1
pdfs,1
task,1
rgamedev,1
clink,1
neuro,1
evolution,1
collision,1
decendents,1
descendents,1
titled,1
evolve,1
creature,1
ais,1
subreddits,1
guessed,1
nonoo,1
looping,1
enumerable,1
yrs,1
rateapps,1
foreachapp,1
deployediterator,1
appraterand,1
appshowrating,1
envious,1
deciding,1
kims,1
essential,1
monitor,1
reflexes,1
scares,1
sockets,1
multicultural,1
majors,1
degree,1
focused,1
result,1
areas,1
immense,1
likeminded,1
appeals,1
competitive,1
natures,1
factors,1
compete,1
outdo,1
maintained,1
distinctions,1
ideal,1
aweome,1
robots,1
fight,1
global,1
sensor,1
attacks,1
strategy,1
led,1
diode,1
excessive,1
teehee,1
motor,1
vpn,1
streamline,1
nullable,1
dostuff,1
syntactic,1
nullablein,1
aroud,1
httpwwwwordlabcomnamegeneratorsteamnamegenerator,1
pony,1
penises,1
brb,1
bb,1
moed,1
retared,1
raspbian,1
os,1
sd,1
cheapie,1
dads,1
tablet,1
op,1
discount,1
hobbytronics,1
enclosure,1
transparent,1
instagrammed,1
instagram,1
csnmmu,1
tries,1
instagrams,1
cave,1
unprepared,1
suggestions,1
sharing,1
appropriate,1
uniform,1
comets,1
inclined,1
curtains,1
glare,1
tall,1
quirk,1
smoothly,1
tn,1
blacks,1
richer,1
doubtful,1
setup,1
dofferently,1
goodbye,1
fleshed,1
workable,1
band,1
coolest,1
circuit,1
virtualbox,1
preparing,1
switched,1
capacitors,1
resistors,1
burner,1
brutal,1
agony,1
cmptrs,1
stahp,1
sat,1
ysinxy,1
zeroes,1
polishnicaraguanbhutanese,1
pepsi,1
manufacturing,1
protectorate,1
located,1
tranquility,1
moon,1
australia,1
prefixing,1
finmathpi,1
underscores,1
fancy,1
overthe,1
harassment,1
evidence,1
director,1
afford,1
lawyerts,1
grounds,1
unable,1
panicked,1
douchebag,1
disconnecting,1
reset,1
surge,1
plugged,1
approachable,1
roommates,1
beliefs,1
idiosyncrasies,1
judge,1
nod,1
moderately,1
triple,1
calm,1
sin,1
ho,1
gig,1
bitch,1
deserializing,1
developers,1
systemxml,1
curving,1
slider,1
bars,1
anxiety,1
cup,1
fear,1
headaches,1
cure,1
hapy,1
officially,1
deseriliser,1
redundant,1
reinventing,1
httpcsharpnettutorialscomxmlintroduction,1
records,1
sharp,1
accepted,1
matthews,1
diverse,1
consolation,1
respective,1
xmlwriter,1
xmldocument,1
holes,1
knowledge,1
shitnonexistant,1
pauses,1
imgine,1
stepping,1
boy,1
blindly,1
ported,1
challenging,1
pumping,1
timmy,1
trumpet,1
pump,1
trump,1
afrikaans,1
tromp,1
pomp,1
stompi,1
spinners,1
strangely,1
allowing,1
scaly,1
everyday,1
maize,1
sa,1
staple,1
poison,1
disagree,1
paly,1
devils,1
advocate,1
merits,1
air,1
pollinates,1
plants,1
farmer,1
neutral,1
imposter,1
bsc,1
intelligence,1
striving,1
polarised,1
dramatises,1
biology,1
articales,1
disease,1
woe,1
speakers,1
opposed,1
disliking,1
convince,1
philosophical,1
anti,1
subjective,1
telephone,1
activists,1
antisomething,1
jerking,1
ea,1
ubisoft,1
seeds,1
agreement,1
multi,1
engage,1
wring,1
rhymes,1
exclusivity,1
fitting,1
acronym,1
hwwejnd,1
jargony,1
exceptionheyexception,1
exception,1
tryexist,1
catchexceptionheyexception,1
deserialise,1
providing,1
queries,1
probable,1
whichever,1
wallowing,1
remindr,1
probs,1
sweets,1
chips,1
protects,1
suddenty,1
owrked,1
sdk,1
frustration,1
evaluation,1
registering,1
managers,1
httpsplaygooglecomstoreappsdetailsidcombrydonleonardfachlen,1
blank,1
stages,1
disconnect,1
middownload,1
icon,1
trycatch,1
dependencies,1
unsigned,1
compiles,1
roll,1
elses,1
validated,1
automated,1
published,1
attempt,1
uninstalled,1
reinstalled,1
unintelligible,1
drawer,1
views,1
proerly,1
movingthem,1
physically,1
thingy,1
nested,1
duh,1
nose,1
rewriting,1
handwriting,1
singly,1
visually,1
middlylinked,1
thingie,1
restarted,1
spritefonts,1
fiiddle,1
pngs,1
contentmgcb,1
fiddled,1
iterative,1
accurate,1
domagicdouble,1
mathabs,1
integrated,1
median,1
triangles,1
converges,1
lord,1
concerend,1
moan,1
skipping,1
hapnin,1
unproductive,1
treat,1
advice,1
forum,1
localisation,1
annoys,1
unnecessarily,1
koreans,1
revenue,1
intervie,1
major,1
encapsulation,1
polymorphism,1
translates,1
sinc,1
ethats,1
revise,1
playstore,1
teach,1
willingness,1
bullets,1
bother,1
dictionarykeytype,1
valuetype,1
keyvaluepairs,1
foreachkeyvaluepair,1
pair,1
interviewed,1
upe,1
modifiers,1
thin,1
randomize,1
seep,1
mutable,1
sec,1
settled,1
revised,1
afraid,1
failed,1
pairs,1
winter,1
realsies,1
qay,1
brushing,1
messier,1
yolo,1
brushed,1
standing,1
comb,1
disagreement,1
targets,1
rooms,1
june,1
dated,1
childish,1
vac,1
portion,1
required,1
intersect,1
substitution,1
specifcally,1
statistics,1
unitarian,1
transformation,1
bivariate,1
derivative,1
outweighed,1
javad,1
welll,1
abomination,1
sail,1
ship,1
tbs,1
vein,1
paced,1
lights,1
boats,1
settlements,1
listener,1
cahtting,1
pottery,1
scrap,1
listeners,1
desired,1
situations,1
displayloadingaction,1
opens,1
behaviour,1
unpackage,1
intentputextra,1
bundleable,1
iscenestate,1
constructor,1
httpwwwredditcomrprogrammerhumorcommentsajevolutionofapythonprogrammer,1
pondering,1
expert,1
laughed,1
adam,1
gax,1
tomorrows,1
dubbayoo,1
w,1
endearing,1
inherits,1
ieventhandler,1
ctrlclick,1
controlled,1
pointy,1
outdated,1
portable,1
cards,1
remaining,1
predefined,1
achive,1
preplan,1
abominations,1
findviewbyid,1
convention,1
gridgetchildrenaddbutton,1
quirks,1
taxactfindviewbyidtextview,1
androidresourceidtexttext,1
resourcesgetstring,1
resourcestringmaintaxactdescr,1
combining,1
getter,1
prettier,1
unify,1
buttonclickfunction,1
consolelog,1
selects,1
creates,1
rebel,1
closest,1
fractionally,1
internship,1
pursuing,1
yup,1
warns,1
lambda,1
fixes,1
intellisense,1
compared,1
exposed,1
backing,1
xamarinforms,1
optimal,1
bugged,1
fxml,1
axml,1
monster,1
prepared,1
origins,1
ons,1
netbeansoracle,1
sites,1
juggling,1
netbeansorg,1
finishes,1
combination,1
database,1
researching,1
delphi,1
tougher,1
db,1
mysql,1
enjoys,1
lacks,1
frameworks,1
bins,1
sizes,1
autocorrect,1
glimpse,1
amy,1
lovely,1
beast,1
pp,1
ziggurat,1
regret,1
indecisive,1
ot,1
adamant,1
cantquite,1
increasing,1
skating,1
plasters,1
dub,1
plasterfeet,1
riemann,1
approximations,1
forthe,1
corners,1
rectangle,1
overestimate,1
underestimate,1
favor,1
fox,1
brains,1
hotdogs,1
coincidence,1
otherwiae,1
metabolism,1
recovered,1
tomorroq,1
inspection,1
service,1
narrative,1
hack,1
slash,1
complaint,1
gameplay,1
saclars,1
httpclassaucsbedustaffalexvcfaqgdcgdchtm,1
definining,1
gradeint,1
definitions,1
remark,1
qx,1
py,1
gong,1
memos,1
disappears,1
vaguely,1
mx,1
inconclusive,1
squeeze,1
beel,1
thx,1
yx,1
pdx,1
qdy,1
integrating,1
equivalence,1
enclosed,1
serves,1
calculates,1
fiddles,1
calculus,1
complicate,1
bah,1
fiddling,1
popped,1
disadvantage,1
circular,1
voundary,1
nature,1
winded,1
simplified,1
harvard,1
ignored,1
via,1
rewatch,1
defines,1
define,1
unit,1
fluxvolume,1
httpswwwyoutubecomwatchvvgylvo,1
httpswwwyoutubecomwatchvccotayzxm,1
abreak,1
fxaa,1
dof,1
focuses,1
fixable,1
recoded,1
differnet,1
algorithsm,1
valuable,1
quicksort,1
accepts,1
wellthis,1
weather,1
taxis,1
comparitively,1
delayed,1
gratification,1
listening,1
audio,1
mahn,1
somethin,1
arraylists,1
reasoning,1
consturctive,1
destructive,1
exceeded,1
linkedlistadd,1
backup,1
excess,1
remembered,1
ptting,1
conciously,1
truegamet,1
stabilisation,1
propellers,1
helicopter,1
triples,1
lump,1
integralsflux,1
regarding,1
xyplane,1
xz,1
j,1
generalisation,1
spherical,1
wha,1
achieves,1
cylinder,1
follows,1
formulae,1
tx,1
np,1
parameterize,1
breakthroughs,1
independence,1
projections,1
httpswwwyoutubecomwatchvvpzbcqdggk,1
properl,1
parameterised,1
nds,1
sxyzxy,1
sx,1
sydxdy,1
parabaloid,1
morw,1
therell,1
zk,1
swirls,1
relaxed,1
practicing,1
piecewise,1
dayz,1
ban,1
reasonable,1
refunding,1
rebuy,1
fusion,1
aimassist,1
presence,1
greenlight,1
kickstarter,1
abused,1
serh,1
chances,1
promising,1
theve,1
ruining,1
braid,1
newgrounds,1
edmund,1
mcmullan,1
originally,1
developer,1
stable,1
drone,1
spirit,1
naked,1
voyeur,1
lowait,1
yoloswag,1
orientations,1
separated,1
pipe,1
screenorientation,1
screenorientationlandscape,1
landscape,1
flips,1
disappearing,1
panels,1
bus,1
met,1
irqs,1
prescribed,1
practising,1
shudders,1
subjects,1
discussion,1
organising,1
pestering,1
worrying,1
decisions,1
lifted,1
yaaay,1
comittment,1
cometment,1
competent,1
promoted,1
beta,1
summary,1
ambiguous,1
insta,1
distincta,1
happeh,1
throbbing,1
hawt,1
finishing,1
canteen,1
downstairs,1
boardrooms,1
derivcos,1
hi,1
regards,1
michelle,1
moms,1
adds,1
programmers,1
bigroomadvantage,1
naughts,1
crosses,1
swords,1
shields,1
miniclip,1
httpswagpoesio,1
kids,1
undefined,1
unescapable,1
logged,1
omf,1
circumnavigate,1
sawthat,1
arrayi,1
returned,1
inputondown,1
hating,1
judges,1
ambition,1
stood,1
leagues,1
happier,1
slice,1
pssh,1
spots,1
competency,1
lags,1
pause,1
keast,1
modularisation,1
tweens,1
emitters,1
modularise,1
deposit,1
van,1
schaiks,1
slot,1
equipment,1
glenroy,1
five,1
maps,1
achieve,1
confirmation,1
enouhh,1
betting,1
inconvenient,1
normalish,1
leveks,1
bull,1
godie,1
coincides,1
prepped,1
koding,1
koder,1
russian,1
hoped,1
coder,1
kodes,1
swa,1
flavoured,1
bridge,1
gain,1
attention,1
httpswwwyoutubecomwatchvgogndugu,1
powerup,1
solid,1
milkshake,1
shakes,1
resting,1
podcast,1
oreos,1
muffin,1
freezer,1
defrosting,1
blanket,1
jacket,1
tirin,1
nighters,1
blown,1
flu,1
chicken,1
taylor,1
strike,1
member,1
surname,1
heera,1
varisty,1
sungkyunkwan,1
pasta,1
oldest,1
layers,1
jerseyt,1
gross,1
medication,1
herbal,1
kill,1
innocent,1
spirals,1
breakdown,1
combinations,1
pamphlet,1
bursaries,1
graduation,1
tie,1
operation,1
humid,1
concatenation,1
builder,1
sauwse,1
saueirwse,1
takealot,1
phase,1
supplier,1
shipping,1
renting,1
frikken,1
female,1
rated,1
sufficient,1
identify,1
redo,1
objectives,1
prisms,1
overdose,1
phonegapcordova,1
wrapped,1
waitng,1
compatibiltiy,1
checkbox,1
rebuilding,1
incoming,1
shrink,1
creating,1
fewest,1
tradeoff,1
noob,1
rekt,1
bonus,1
pros,1
de,1
thurkls,1
backin,1
grow,1
rureddyfordis,1
opening,1
hectic,1
bj,1
batteson,1
linton,1
grange,1
obs,1
recommends,1
tripled,1
howd,1
wonning,1
attitude,1
increased,1
magnitude,1
growing,1
gist,1
obtained,1
duplicating,1
typo,1
industry,1
visits,1
comair,1
bbd,1
learners,1
omgmgmgmg,1
olympiad,1
spreadsheet,1
international,1
operations,1
albeit,1
eaiser,1
recursivefunctionchar,1
mull,1
royally,1
capitec,1
transactions,1
universal,1
paintnet,1
tambo,1
protea,1
hotel,1
fitness,1
simulator,1
selfies,1
payed,1
reflecting,1
score,1
tondownload,1
determined,1
outcome,1
neural,1
lettote,1
corcre,1
ticem,1
langs,1
qs,1
sap,1
q,1
blask,1
ths,1
modaty,1
pse,1
codecademy,1
covers,1
sums,1
jagged,1
increment,1
skype,1
xmlhttpnew,1
xmlhttpopenget,1
valuesstringsxml,1
xmlhttpsend,1
xmldocxmlhttpresponsexml,1
xmldocgetelementsbytagnamestring,1
listlength,1
listitemi,1
stringsitemgetattributename,1
itemfirstchildnodevalue,1
documentreadyfunction,1
stringslength,1
bodyappendpstringsip,1
populating,1
append,1
populated,1
properties,1
literaly,1
fori,1
stringvalues,1
bodyappendpstringvaluesip,1
searched,1
stackoverflow,1
scrolled,1
fumble,1
entrepreneur,1
interrupted,1
presentation,1
lady,1
automate,1
firefox,1
apache,1
locking,1
restricted,1
malicious,1
reign,1
parsing,1
listichildnodesinnerhtml,1
listichildnodesfirstchildnodevalue,1
wschools,1
manipulating,1
bitching,1
tip,1
tipping,1
remembers,1
retarding,1
stricter,1
donteven,1
succeed,1
employment,1
omgggg,1
retard,1
chartjs,1
congested,1
easeoutquart,1
httpswwwfusionboxcomblogdetailproblemswithcomputerscienceeducation,1
customcss,1
tis,1
twas,1
mome,1
raths,1
gimble,1
gyre,1
wave,1
wabe,1
jabberwocky,1
poem,1
txt,1
tls,1
ignoring,1
congrats,1
anticipation,1
suppsoed,1
oauthlib,1
evicting,1
backed,1
detours,1
buffelsfontein,1
brickmakers,1
villiers,1
airport,1
sweet,1
relatively,1
cloned,1
witha,1
tree,1
battesonb,1
exceptions,1
wwwyoutubecomwatchvyxzqonc,1
driver,1
drivers,1
reviwer,1
reviewers,1
approved,1
bash,1
workspace,1
workspaces,1
safer,1
diffing,1
branched,1
combine,1
linkd,1
restructuring,1
octopus,1
titles,1
elaborate,1
extras,1
dreading,1
encountering,1
user,1
downloads,1
gritty,1
morn,1
fo,1
syncing,1
feed,1
nightmare,1
ftpautomatorpy,1
copies,1
htdocs,1
checkout,1
encountered,1
overwrite,1
reapply,1
reappear,1
wokring,1
entertaining,1
drectory,1
listing,1
caching,1
hmkay,1
werid,1
fails,1
seapartely,1
timesleep,1
redeployed,1
webconfig,1
served,1
momentjs,1
relative,1
reopen,1
persistent,1
mapping,1
fresh,1
gitk,1
diagrams,1
responsive,1
httpleftoversaladtumblrcompostprogramminglanguagespersonified,1
lold,1
workarounds,1
async,1
localcache,1
localstorage,1
localstorageusd,1
searching,1
scratching,1
weak,1
chuckle,1
concatenate,1
perl,1
pointer,1
representing,1
chick,1
training,1
below,1
exttra,1
frequency,1
encoding,1
dirty,1
unreadable,1
kurzgesagt,1
notes,1
httpjamesiryblogspotcombriefincompleteandmostlywronghtml,1
nm,1
fish,1
rounded,1
fraction,1
loses,1
blahblah,1
converted,1
negligible,1
diff,1
reverted,1
noe,1
removing,1
lolwhat,1
evident,1
fills,1
realreturncalcjs,1
containing,1
appending,1
asynchronous,1
affecting,1
excalty,1
synchornous,1
appendprepend,1
pasted,1
happenig,1
completes,1
displays,1
revert,1
httpmobilenytimescomtechnologyinsideamazonwrestlingbigideasinabruisingworkplacehtmlreferrerr,1
amazon,1
nopr,1
ticking,1
res,1
pulled,1
movingdeleting,1
messed,1
reclone,1
ironically,1
programs,1
sweep,1
delete,1
modal,1
glory,1
persists,1
onclick,1
attribute,1
runnig,1
manages,1
constructed,1
readynavbar,1
tidier,1
comment,1
filthy,1
relies,1
heavily,1
gridwatch,1
lootcrte,1
geekcrate,1
cupboard,1
pigeon,1
cloning,1
unlimited,1
lectur,1
colleague,1
phoneemail,1
phoned,1
blunt,1
passive,1
aggressive,1
selfish,1
thoughtful,1
face,1
gracefully,1
cheering,1
fundamentally,1
chocolate,1
imaginary,1
pressure,1
hide,1
anger,1
suprised,1
visibly,1
reacted,1
itwas,1
buildup,1
shock,1
announcement,1
professed,1
apologise,1
emotions,1
durban,1
misinterpret,1
instinctual,1
unhear,1
echoes,1
inadequate,1
unsure,1
sucked,1
gifted,1
greatest,1
uis,1
artist,1
jealous,1
eye,1
unconfident,1
ssag,1
rprogramming,1
quartic,1
easing,1
commented,1
intended,1
manipulation,1
culture,1
jam,1
deal,1
sequence,1
nonln,1
limits,1
spaced,1
repetition,1
neuroscience,1
modularity,1
sse,1
degrees,1
estimate,1
regression,1
estimating,1
tar,1
column,1
entry,1
xi,1
ranges,1
excel,1
ctrl,1
tailed,1
tinvt,1
tinv,1
usb,1
askp,1
motivate,1
toward,1
unproductivity,1
pressing,1
gmaps,1
disconnection,1
communities,1
gps,1
users,1
deeper,1
undertake,1
ther,1
provides,1
plugins,1
platform,1
permanently,1
chats,1
affairs,1
convenience,1
chatting,1
potential,1
security,1
logins,1
hacking,1
criminals,1
profiles,1
accumulate,1
concrete,1
yea,1
categories,1
premade,1
dare,1
competitions,1
mvp,1
sms,1
surely,1
neighborhood,1
watcher,1
ratings,1
executed,1
monehs,1
titan,1
whot,1
titans,1
om,1
animated,1
heap,1
pages,1
gaben,1
brokeb,1
bootstrapdatepicker,1
picker,1
insists,1
ndm,1
socket,1
synchronously,1
doctype,1
paragraph,1
divs,1
ids,1
pclassnameidhere,1
imgsrc,1
template,1
creation,1
defaults,1
client,1
pivotal,1
piece,1
websitename,1
demos,1
hex,1
lumo,1
greenbrown,1
lolno,1
palettoncom,1
schemes,1
triadic,1
saturation,1
httpiimgurcomgdsajpg,1
timetraveller,1
wealthy,1
wallpaper,1
httpswwwyoutubecomwatchvvjwwmfvwcindexlistplxsybcqobtbprdmbhsiftvvtpboyg,1
dance,1
motivated,1
alternatives,1
afrihost,1
bootstraps,1
workaround,1
dynamics,1
swagcast,1
swagcasts,1
separating,1
rekking,1
calc,1
prettymaker,1
generic,1
resorted,1
sticking,1
headings,1
bold,1
leading,1
disconcerting,1
loan,1
cluttered,1
experiment,1
smallest,1
planets,1
personally,1
bolded,1
handles,1
chromeinspectdevices,1
noticeably,1
deploying,1
incomplete,1
dashboard,1
brydonleonardbscoza,1
gmail,1
winning,1
httpsiimgurcomgqlecpng,1
guaranteed,1
brown,1
shards,1
span,1
compiled,1
spud,1
shoot,1
rank,1
posting,1
selfie,1
quoting,1
materialistic,1
posts,1
dc,1
seasonal,1
streamer,1
quin,1
dealing,1
buffs,1
paragon,1
explosions,1
stream,1
critting,1
legends,1
rroastme,1
gallery,1
chuckled,1
peas,1
pod,1
vegetables,1
cringeworthy,1
joking,1
httpimgurcomgalleryqhypiyz,1
hopes,1
dreams,1
crushed,1
phew,1
ssl,1
rifts,1
reverse,1
triangle,1
understood,1
smoking,1
zeros,1
hoe,1
lasting,1
cute,1
understandable,1
logo,1
pics,1
pours,1
departments,1
subtly,1
whip,1
cleaner,1
nether,1
sounded,1
whisper,1
items,1
baywest,1
swack,1
threw,1
detect,1
mon,1
sep,1
gmtzz,1
september,1
mysterious,1
converters,1
mask,1
currenly,1
re,1
awkwardness,1
httpsiimgurcomggwnojpg,1
review,1
rink,1
updating,1
mclargehuge,1
favorite,1
solod,1
ahit,1
elemental,1
hockey,1
boost,1
boosting,1
solo,1
elites,1
monks,1
oversaturating,1
noboost,1
wet,1
wer,1
eyour,1
collaborating,1
recovering,1
skate,1
activated,1
blankets,1
wwwnumboxorg,1
atomic,1
radius,1
scrubber,1
race,1
http,1
merges,1
inflationratexml,1
ajax,1
parameters,1
scope,1
conflicting,1
explicitly,1
petri,1
nets,1
delimitation,1
xtostringreplacebddg,1
backslash,1
selectors,1
represent,1
googles,1
delimit,1
spaces,1
switzerland,1
apostrophe,1
separators,1
confusino,1
formatted,1
frustrating,1
strips,1
vm,1
notepad,1
httpidocogithubiomapchat,1
broadcast,1
eople,1
unplugged,1
tanked,1
vsauce,1
distributions,1
straeuli,1
pareto,1
appeared,1
backend,1
subscriptions,1
catalog,1
medium,1
offering,1
ownership,1
contract,1
basis,1
newish,1
aspects,1
brocco,1
spinach,1
broccori,1
editor,1
atom,1
themes,1
thoguh,1
hosting,1
tiers,1
mo,1
deployed,1
toughest,1
stores,1
analysed,1
bright,1
